顧客ID,直近購入からの経過日数,過去90日購入回数,累計購入金額,平均注文単価,直近30日ログイン回数,メール開封率,カート放棄回数,問い合わせ回数,決済失敗回数,クーポン利用率,購入カテゴリ数,会員歴月数,流入チャネル,直近レビュー投稿からの日数,90日以内離脱
EC0001,30,2,16355,4981,4,62.2,0,1,0,13.6,2,16,広告,999,0
EC0002,44,1,22973,5875,3,24.9,1,0,0,18.4,2,45,紹介,37,0
EC0003,112,3,5769,2098,2,40.8,1,0,1,17.8,2,1,広告,999,0
EC0004,64,1,40045,4960,5,45.0,1,0,0,42.7,3,1,検索,50,0
EC0005,2,2,8321,5224,6,38.2,0,1,0,27.3,2,21,検索,999,0
EC0006,30,3,26390,3725,3,10.1,0,0,0,16.7,5,1,検索,999,0
EC0007,104,1,6021,5942,0,6.0,2,0,1,11.4,4,1,直接アクセス,134,0
EC0008,90,1,188743,4599,3,40.2,0,0,0,33.1,1,28,広告,999,0
EC0009,30,4,26783,5662,1,37.8,2,0,1,18.5,4,1,広告,47,0
EC0010,90,2,239003,6419,0,18.3,0,0,0,22.6,2,1,SNS,57,0
EC0011,80,1,30564,6421,1,28.8,1,0,0,28.0,3,10,SNS,95,0
EC0012,60,2,7620,8171,4,50.6,1,0,1,10.6,2,16,検索,71,0
EC0013,11,3,30619,5820,2,25.8,0,0,0,7.5,5,6,紹介,12,0
EC0014,47,1,32878,3871,8,8.8,3,0,0,25.6,1,6,紹介,999,0
EC0015,17,3,19405,3554,7,32.4,0,0,0,47.9,3,12,広告,999,0
EC0016,38,0,25094,2888,3,20.6,0,1,0,18.8,2,8,検索,26,0
EC0017,13,0,28616,5300,3,26.2,0,2,0,42.2,2,1,検索,11,1
EC0018,90,1,4945,9515,3,27.5,1,0,0,65.9,2,1,SNS,999,0
EC0019,49,2,4606,4108,0,38.2,0,0,0,26.4,1,10,検索,999,0
EC0020,30,1,6037,6153,3,50.5,0,0,0,4.0,4,18,紹介,999,0
EC0021,1,3,15177,3374,3,27.1,0,0,0,29.1,2,17,検索,999,0
EC0022,1,4,10687,5417,4,22.0,1,1,0,14.6,3,16,SNS,999,0
EC0023,12,0,5036,9225,1,25.5,1,0,0,21.5,3,17,広告,113,0
EC0024,27,3,29007,6926,3,13.0,1,0,0,21.0,3,1,SNS,999,0
EC0025,6,2,17730,2240,4,12.7,0,0,0,47.0,2,27,検索,108,0
EC0026,3,3,15818,6537,4,20.7,1,0,0,15.2,2,26,直接アクセス,40,0
EC0027,1,1,10321,6688,2,30.8,0,1,1,8.0,4,9,SNS,999,0
EC0028,18,3,9152,5360,5,39.9,1,2,0,1.4,3,3,広告,999,0
EC0029,90,2,5759,6862,2,37.2,1,0,0,14.7,5,10,検索,999,0
EC0030,1,0,33987,3239,4,19.8,0,1,0,13.4,4,9,紹介,41,0
EC0031,9,3,6611,5072,3,58.2,0,0,0,3.8,1,3,検索,47,0
EC0032,33,0,16471,8561,3,8.2,1,1,1,24.9,2,11,広告,999,0
EC0033,7,2,70404,8184,2,12.2,0,0,1,12.1,4,19,SNS,999,0
EC0034,35,5,9582,6464,2,43.2,2,0,0,13.6,3,19,検索,999,0
EC0035,4,2,34916,3160,1,23.4,0,0,0,18.7,2,1,検索,2,0
EC0036,1,1,23593,2921,3,14.5,1,0,0,4.1,6,2,直接アクセス,999,0
EC0037,9,3,18241,5204,5,25.6,0,0,0,9.5,2,13,検索,3,0
EC0038,9,2,20544,5379,1,37.2,1,0,0,21.8,5,23,広告,3,0
EC0039,90,1,12150,4674,2,11.1,2,0,1,14.7,4,8,広告,999,0
EC0040,5,0,13832,3286,3,37.0,0,2,0,12.1,4,14,SNS,26,0
EC0041,23,3,7722,6114,2,36.1,1,0,0,3.1,3,1,検索,999,0
EC0042,18,0,13925,5193,3,36.1,0,0,1,0.6,5,11,検索,999,0
EC0043,7,1,7441,5681,4,27.2,0,0,1,1.2,6,39,広告,999,0
EC0044,38,4,36521,6612,1,47.5,1,1,0,9.3,1,12,SNS,999,0
EC0045,10,0,3000,4286,1,48.5,1,0,0,21.2,2,30,紹介,999,0
EC0046,6,0,21613,3849,3,41.3,0,0,0,9.8,2,10,広告,51,0
EC0047,90,1,18705,8550,3,17.6,1,2,0,3.4,4,22,紹介,14,0
EC0048,90,2,17086,3365,3,33.3,0,0,0,19.0,2,1,検索,169,0
EC0049,29,1,37216,3887,2,36.8,0,0,0,36.2,4,1,広告,999,0
EC0050,80,3,10035,9109,1,41.1,2,0,0,19.7,2,1,検索,275,0
EC0051,2,4,17247,3738,3,58.0,2,0,0,42.4,4,8,検索,999,0
EC0052,90,2,3000,4678,5,28.5,0,1,0,8.0,4,4,広告,999,0
EC0053,49,3,8819,3999,0,13.1,0,2,0,23.5,3,15,広告,999,0
EC0054,30,0,31436,2015,8,8.5,0,0,0,24.3,2,27,SNS,162,0
EC0055,6,2,3501,4620,4,42.8,0,1,0,35.8,1,11,広告,999,0
EC0056,55,2,15673,2965,1,18.2,0,0,0,60.2,2,2,SNS,52,0
EC0057,90,1,6785,5581,6,27.1,0,0,0,24.4,2,32,紹介,999,0
EC0058,22,2,11956,8542,0,51.8,2,0,0,21.3,6,9,検索,92,0
EC0059,14,2,7203,1624,7,5.0,0,0,0,28.0,3,15,検索,137,0
EC0060,31,2,3838,4009,1,34.3,0,0,0,44.9,2,26,広告,18,0
EC0061,12,1,19653,6162,3,71.3,0,0,0,15.3,3,55,広告,13,0
EC0062,4,3,12713,1649,1,14.1,0,0,0,11.9,5,8,広告,2,0
EC0063,30,4,24652,9586,1,37.1,1,0,0,12.1,5,19,広告,999,0
EC0064,11,2,29567,5942,2,67.3,0,0,1,4.8,1,10,直接アクセス,112,0
EC0065,15,3,45490,8447,8,18.3,0,0,0,13.5,1,7,広告,999,0
EC0066,106,3,15267,3707,2,6.7,3,0,0,5.2,3,9,広告,46,0
EC0067,2,3,47506,3937,6,27.9,0,0,0,31.4,3,7,広告,71,0
EC0068,30,5,5035,4534,3,24.1,0,1,0,6.4,3,6,紹介,999,0
EC0069,35,1,33155,14315,3,4.8,1,1,0,14.7,1,15,検索,52,1
EC0070,90,3,21149,9500,5,23.8,0,0,0,24.1,3,3,広告,999,0
EC0071,10,1,16866,5251,8,14.7,0,0,0,4.9,3,11,広告,999,0
EC0072,42,0,20842,5581,3,32.2,1,0,0,33.4,3,14,検索,5,0
EC0073,2,1,5111,6751,2,23.9,1,1,0,7.7,2,26,SNS,999,0
EC0074,8,1,4036,16248,2,40.7,0,0,0,10.7,2,4,検索,5,0
EC0075,119,3,73852,5951,3,46.1,2,0,1,5.2,4,23,検索,999,0
EC0076,2,1,11285,5029,6,13.7,0,0,0,28.5,2,34,直接アクセス,137,0
EC0077,90,2,11125,4149,3,48.0,0,0,0,17.8,4,12,検索,83,0
EC0078,90,3,4436,5527,4,42.8,2,0,0,8.0,3,17,広告,27,0
EC0079,90,2,3035,3664,4,27.8,0,1,0,13.2,4,6,SNS,999,1
EC0080,43,3,12230,6298,3,23.6,3,1,0,48.0,2,36,広告,999,0
EC0081,41,3,9493,2401,4,27.5,0,0,0,11.9,2,13,検索,4,0
EC0082,1,2,13382,4314,5,28.6,2,1,0,22.5,3,4,SNS,76,1
EC0083,165,0,14576,7096,6,22.3,0,0,0,11.0,2,6,紹介,999,1
EC0084,1,3,161048,5910,3,42.4,3,0,0,6.5,2,11,SNS,128,0
EC0085,30,1,9522,3899,4,22.1,1,1,0,34.9,4,3,SNS,46,0
EC0086,5,1,64856,4376,6,34.4,4,0,0,48.8,3,16,SNS,67,0
EC0087,30,5,69011,8247,2,17.2,2,0,0,50.1,3,3,検索,34,0
EC0088,3,2,28385,2683,8,27.8,0,2,0,23.3,2,10,SNS,23,0
EC0089,30,5,10560,2691,3,18.4,0,0,0,26.2,6,14,検索,999,0
EC0090,30,0,3423,3087,1,18.0,1,1,0,36.0,2,23,SNS,145,0
EC0091,8,2,21545,4888,4,13.0,2,0,1,48.8,2,15,紹介,10,0
EC0092,119,2,37005,2493,4,26.7,0,0,0,5.9,8,19,広告,999,0
EC0093,196,3,76702,7914,1,26.7,1,0,0,19.9,1,29,広告,999,0
EC0094,15,3,5166,3095,1,11.8,0,0,0,44.9,6,10,検索,999,0
EC0095,52,0,10472,5498,5,18.2,2,0,0,19.3,1,22,紹介,133,0
EC0096,44,1,5198,3679,4,10.1,1,0,0,5.9,2,3,SNS,2,0
EC0097,6,3,7090,4756,3,19.2,1,1,0,30.2,4,20,直接アクセス,84,0
EC0098,141,1,25961,2204,2,25.5,0,0,0,14.2,2,3,検索,28,1
EC0099,1,0,6772,8108,1,26.1,2,1,0,6.6,3,32,直接アクセス,999,0
EC0100,90,1,5858,3038,5,31.8,0,0,0,70.3,4,4,広告,111,0
EC0101,32,3,29643,2883,5,23.1,0,0,0,16.8,2,2,検索,61,0
EC0102,1,2,20967,16147,2,19.8,0,0,0,18.6,3,1,直接アクセス,999,0
EC0103,90,1,18958,6484,4,2.3,1,0,0,52.3,2,2,検索,18,0
EC0104,10,2,6954,7952,6,39.7,2,0,0,76.7,5,7,広告,999,0
EC0105,30,2,48679,6182,2,30.9,2,0,0,14.9,5,8,紹介,999,0
EC0106,5,2,13554,3919,4,20.0,0,0,0,58.5,3,29,検索,999,0
EC0107,34,0,144377,2556,3,31.0,0,1,0,23.8,2,5,SNS,44,0
EC0108,73,5,15696,4232,4,40.0,0,0,0,43.2,3,2,広告,30,0
EC0109,30,2,3000,3013,5,34.5,1,0,0,33.2,2,16,広告,24,0
EC0110,51,1,3000,3105,0,30.8,1,0,1,11.8,3,1,紹介,42,1
EC0111,201,3,24933,2226,4,56.3,0,0,0,35.9,1,26,広告,999,0
EC0112,30,0,49045,5204,1,20.0,1,1,0,9.6,6,6,SNS,999,0
EC0113,2,2,6100,10793,1,34.0,3,0,0,1.3,1,11,紹介,999,0
EC0114,30,3,109204,6496,3,34.0,1,0,0,22.7,6,2,直接アクセス,999,0
EC0115,30,3,70473,4661,2,47.1,1,0,0,16.3,2,1,検索,11,0
EC0116,90,2,16490,4816,1,12.7,0,0,0,31.5,2,19,検索,4,0
EC0117,15,1,22912,1500,2,33.3,1,0,0,40.2,3,6,SNS,999,1
EC0118,15,2,32680,3976,2,40.1,1,1,0,14.2,5,51,紹介,999,0
EC0119,90,3,88432,2408,4,26.0,2,0,1,38.0,1,8,検索,45,0
EC0120,154,1,26426,5256,5,31.8,1,2,0,7.8,2,22,紹介,254,0
EC0121,60,4,16121,4315,3,9.3,1,1,0,0.7,2,46,直接アクセス,45,0
EC0122,13,4,26168,3182,3,50.9,1,1,1,15.4,3,3,検索,999,0
EC0123,30,0,22864,5197,1,18.8,0,0,0,45.6,3,19,SNS,7,0
EC0124,1,1,33671,5175,0,46.1,0,0,1,35.6,5,1,SNS,999,0
EC0125,82,3,3000,10501,3,31.7,2,0,0,23.4,1,13,SNS,19,0
EC0126,30,2,18321,6927,7,32.6,1,1,0,18.8,2,16,SNS,999,0
EC0127,104,1,21172,5477,1,25.5,2,0,0,37.5,4,7,広告,999,0
EC0128,180,2,12421,3060,8,37.0,0,0,0,1.9,2,2,広告,61,0
EC0129,65,2,29265,2873,4,16.2,0,0,0,9.9,3,11,直接アクセス,999,0
EC0130,13,1,91232,6630,5,64.5,2,0,0,5.1,3,27,SNS,2,0
EC0131,13,1,15339,4446,3,12.5,0,0,0,30.0,2,32,SNS,999,0
EC0132,30,2,26681,5567,4,56.6,1,0,0,32.2,4,16,紹介,999,0
EC0133,1,2,66587,8014,4,13.4,4,0,1,57.2,2,3,SNS,37,0
EC0134,11,3,15702,2306,3,59.0,0,0,0,32.6,2,24,SNS,999,0
EC0135,30,1,5494,9882,4,1.6,1,0,0,47.7,2,26,広告,999,1
EC0136,40,2,24730,7979,4,29.2,0,1,0,9.7,2,5,紹介,999,0
EC0137,45,2,3000,1759,4,25.8,0,0,0,39.4,5,2,SNS,19,0
EC0138,1,3,3000,15939,3,43.5,1,0,0,25.8,2,24,SNS,34,0
EC0139,18,3,18639,5771,7,4.3,1,0,0,6.0,4,25,直接アクセス,12,0
EC0140,30,3,3000,3868,3,5.4,1,0,0,4.8,4,1,検索,220,0
EC0141,9,0,3586,6371,1,42.9,1,0,0,22.0,2,40,SNS,25,0
EC0142,3,5,9135,3014,5,21.1,3,0,0,11.7,4,9,広告,999,0
EC0143,90,1,6493,6457,3,33.3,1,0,1,22.9,2,60,検索,143,0
EC0144,69,0,11524,3305,4,36.2,1,0,0,29.5,5,7,広告,999,0
EC0145,30,2,40654,13496,3,27.8,1,1,0,43.0,2,9,検索,17,0
EC0146,11,2,16957,5064,3,48.0,1,0,0,58.5,2,3,紹介,88,0
EC0147,35,1,5771,6801,4,45.7,0,0,0,7.9,2,27,紹介,15,0
EC0148,30,5,51763,3317,0,68.3,2,0,0,1.1,2,7,検索,999,0
EC0149,67,3,3200,7392,3,34.9,1,0,0,10.2,5,20,検索,7,0
EC0150,90,0,16678,4883,5,38.0,2,0,0,28.9,5,1,広告,29,1
EC0151,30,0,3000,2426,3,27.4,1,0,0,10.4,3,18,SNS,999,1
EC0152,19,4,17194,4361,2,23.6,0,0,0,13.6,4,8,広告,19,0
EC0153,26,3,9714,12907,2,45.3,1,0,0,17.4,1,1,検索,65,0
EC0154,60,3,39428,7551,4,18.0,2,0,0,25.9,3,3,検索,999,0
EC0155,6,1,27465,4066,5,16.2,1,0,0,36.5,2,2,検索,17,1
EC0156,90,1,7426,1930,6,7.5,0,0,0,42.9,7,16,検索,38,0
EC0157,90,1,6130,3241,4,58.1,2,0,1,17.4,2,7,SNS,35,0
EC0158,40,2,9748,2432,3,7.0,0,0,0,26.6,3,2,広告,12,0
EC0159,90,0,87166,1953,7,67.8,1,0,0,43.6,1,3,広告,999,0
EC0160,11,2,67445,7279,2,55.2,0,1,0,31.4,2,8,広告,999,0
EC0161,49,1,5073,5070,2,40.5,2,1,0,41.1,2,1,SNS,999,0
EC0162,3,4,29739,12058,3,33.5,2,0,0,3.9,2,6,SNS,999,0
EC0163,2,1,3000,2984,2,27.9,0,0,0,4.5,4,13,検索,72,0
EC0164,3,3,8541,4909,3,36.4,2,0,0,49.5,3,8,SNS,999,0
EC0165,30,1,5283,2447,2,35.7,1,0,0,10.4,4,10,広告,999,0
EC0166,17,1,38920,3650,2,18.6,1,0,1,29.4,2,4,広告,30,0
EC0167,1,1,3674,4398,3,16.0,1,0,0,20.8,1,2,SNS,999,0
EC0168,30,3,20524,4075,6,25.7,0,1,0,2.1,1,19,広告,999,0
EC0169,39,1,13369,5048,2,40.2,0,1,0,61.4,2,28,検索,2,0
EC0170,90,1,11209,7988,7,40.0,0,0,0,19.4,1,8,紹介,999,1
EC0171,6,7,71081,7579,3,29.8,2,0,0,6.8,1,4,紹介,48,0
EC0172,90,3,77629,3345,4,13.9,1,0,1,8.5,2,8,SNS,77,0
EC0173,30,1,11563,4840,1,22.9,1,0,0,38.7,5,25,SNS,8,0
EC0174,30,0,9452,7310,0,26.1,0,0,1,39.0,4,14,広告,999,1
EC0175,2,1,3000,8249,3,10.6,0,0,0,5.1,5,23,SNS,999,0
EC0176,11,2,13302,3531,4,22.1,2,0,0,18.8,3,4,直接アクセス,96,0
EC0177,22,0,94212,7002,2,27.1,2,0,0,54.1,4,14,広告,999,0
EC0178,90,2,11745,5799,3,29.4,0,0,0,14.5,2,12,広告,999,1
EC0179,21,0,27688,2884,6,43.1,1,1,0,12.4,2,10,SNS,999,0
EC0180,90,3,3302,7332,3,8.2,3,1,0,20.9,3,9,検索,101,0
EC0181,90,4,8649,5301,2,26.9,0,0,0,22.3,3,9,検索,49,0
EC0182,1,1,21215,2057,1,32.2,1,0,0,12.3,3,22,検索,262,0
EC0183,90,3,14851,4243,3,38.8,0,0,0,30.7,5,29,検索,28,0
EC0184,1,1,30475,5013,4,15.0,0,1,0,11.2,5,1,直接アクセス,999,0
EC0185,18,2,7312,3630,3,28.2,0,2,0,9.8,5,10,SNS,58,0
EC0186,44,1,3000,9082,2,33.6,4,0,0,18.6,1,30,紹介,999,0
EC0187,146,1,41031,9248,3,15.7,0,0,0,1.8,3,1,紹介,80,0
EC0188,9,1,5238,4059,0,32.3,0,0,0,41.5,3,6,紹介,8,0
EC0189,83,2,22172,3842,2,11.5,2,0,2,14.2,4,1,検索,47,1
EC0190,30,1,20970,4602,6,46.4,0,0,0,46.1,3,1,SNS,42,0
EC0191,12,2,3000,4446,2,6.9,1,0,0,3.0,4,28,SNS,25,0
EC0192,3,3,38144,3654,3,42.6,1,0,0,20.3,5,7,直接アクセス,34,0
EC0193,1,3,7581,1500,5,36.5,0,0,1,1.3,3,14,紹介,43,0
EC0194,3,1,14115,11818,3,13.5,1,1,0,22.1,2,1,検索,23,0
EC0195,90,2,9337,4915,3,13.0,1,0,0,4.5,2,1,SNS,20,0
EC0196,10,1,67683,4495,2,29.3,1,0,0,6.8,2,26,SNS,80,0
EC0197,29,0,51199,5782,3,25.9,0,1,0,19.4,3,10,検索,4,0
EC0198,35,2,3000,4721,0,21.2,1,3,0,14.5,5,1,紹介,999,1
EC0199,35,2,127877,3963,2,45.0,2,0,0,5.2,4,58,紹介,999,0
EC0200,144,2,6779,2972,1,20.8,1,2,0,8.3,4,8,広告,999,1
EC0201,12,3,109363,1959,1,39.0,0,0,0,23.1,4,7,広告,999,0
EC0202,14,0,10340,2496,3,65.1,1,0,0,12.4,6,11,SNS,999,0
EC0203,36,3,9500,2812,7,18.4,1,0,0,13.0,2,1,SNS,111,0
EC0204,5,1,10432,6805,3,37.9,2,1,0,29.4,2,10,紹介,999,0
EC0205,1,1,8948,7060,2,23.9,2,0,0,60.5,4,11,紹介,15,0
EC0206,5,2,166774,3162,2,16.9,1,0,1,27.6,5,4,検索,999,0
EC0207,30,4,12377,1500,3,9.3,0,0,0,28.9,3,15,SNS,8,0
EC0208,1,1,9874,4937,6,28.7,4,0,0,23.3,2,5,検索,999,0
EC0209,93,2,14429,3980,3,42.8,0,0,0,8.3,7,15,紹介,68,0
EC0210,30,4,5077,3931,2,3.2,3,0,0,12.6,2,1,検索,88,0
EC0211,3,4,65980,7926,3,28.6,0,0,0,9.1,4,29,広告,30,0
EC0212,24,1,3068,5267,6,6.8,1,0,0,29.3,3,25,SNS,108,0
EC0213,83,2,7229,3016,1,21.3,1,1,0,22.5,2,1,紹介,999,0
EC0214,1,3,34086,2688,2,31.7,1,0,0,18.9,3,33,SNS,999,0
EC0215,33,1,13937,4310,5,12.7,0,1,0,36.2,3,9,SNS,999,0
EC0216,11,3,23137,3123,4,37.3,1,2,0,8.4,3,14,SNS,999,0
EC0217,30,2,61893,4740,2,8.5,0,0,0,27.1,1,22,SNS,136,0
EC0218,107,4,36453,8209,2,7.5,0,0,0,13.9,3,1,広告,6,0
EC0219,49,1,15328,2465,3,7.1,1,1,0,58.1,2,2,広告,119,0
EC0220,28,1,107941,5135,3,16.5,2,0,0,12.4,3,4,SNS,96,0
EC0221,54,6,7127,7766,3,23.5,1,2,0,47.3,3,7,SNS,999,0
EC0222,67,2,12084,4707,6,23.0,1,0,1,15.8,1,5,検索,999,0
EC0223,30,3,12959,7050,0,47.7,0,0,0,14.9,2,8,紹介,12,0
EC0224,2,2,12059,4257,4,50.1,2,0,0,14.4,2,2,検索,999,0
EC0225,44,2,4586,5353,1,42.7,2,1,0,7.9,2,13,紹介,64,0
EC0226,3,0,3000,6126,4,21.1,1,0,0,41.9,2,1,広告,34,0
EC0227,33,3,20276,3692,1,35.8,2,1,0,14.0,2,5,広告,119,0
EC0228,10,2,7090,13297,1,16.3,3,1,1,43.6,4,2,検索,8,0
EC0229,90,1,90021,6560,3,4.9,2,2,0,4.2,3,15,検索,112,0
EC0230,1,1,12424,9428,2,30.8,3,3,0,70.3,3,25,広告,1,0
EC0231,199,1,10389,8396,0,27.3,3,0,0,31.8,3,1,SNS,83,0
EC0232,1,2,39908,5788,2,25.9,1,0,0,12.0,2,18,検索,51,0
EC0233,60,1,19974,9827,3,21.2,0,0,1,15.5,2,27,紹介,999,0
EC0234,4,0,11209,5398,3,25.5,2,0,0,27.9,1,43,SNS,31,0
EC0235,90,3,7039,3412,2,18.8,1,0,0,32.2,5,10,検索,999,0
EC0236,141,1,500000,4951,10,19.3,0,0,0,12.6,5,4,広告,22,0
EC0237,5,3,19183,2971,4,64.1,0,0,0,12.5,2,4,直接アクセス,999,0
EC0238,196,4,39514,1718,2,15.3,1,1,1,40.8,2,5,SNS,999,0
EC0239,90,0,4803,3209,2,29.9,0,0,0,17.9,3,11,広告,999,0
EC0240,10,2,7495,5097,3,25.8,1,0,0,8.1,2,8,広告,999,0
EC0241,90,2,110453,8357,3,61.1,3,1,0,17.9,2,12,直接アクセス,999,1
EC0242,1,0,54010,3204,3,26.3,1,0,0,9.3,3,1,検索,999,0
EC0243,30,2,21112,8144,0,42.3,0,1,0,10.5,3,1,直接アクセス,107,0
EC0244,90,1,9121,2682,0,33.0,0,2,0,13.7,2,45,SNS,10,0
EC0245,32,1,10571,3103,4,22.3,1,1,0,18.5,3,60,SNS,47,0
EC0246,6,0,6794,10143,2,61.7,2,1,0,29.3,4,16,SNS,8,0
EC0247,37,2,4201,5033,4,29.5,0,0,0,13.1,4,3,検索,121,0
EC0248,66,3,33652,4506,2,5.2,1,0,0,16.6,8,36,広告,108,0
EC0249,24,0,22898,5528,1,2.3,1,0,0,49.7,2,2,広告,113,0
EC0250,30,1,27891,2688,2,59.2,2,0,0,24.7,5,15,SNS,73,0
EC0251,10,0,9538,4165,2,29.1,0,1,0,33.3,3,1,検索,37,0
EC0252,11,5,17251,4921,4,33.9,2,0,0,10.4,3,12,SNS,999,0
EC0253,30,2,8672,9096,2,49.5,1,0,0,32.4,1,17,SNS,999,1
EC0254,42,2,6455,2131,3,51.4,2,0,0,7.0,3,23,SNS,4,0
EC0255,38,2,70760,11866,0,43.6,0,1,0,28.1,4,15,SNS,999,0
EC0256,30,2,15085,4617,2,24.1,0,1,0,13.1,2,30,検索,999,1
EC0257,22,2,22191,2820,1,25.3,1,0,0,16.4,1,8,SNS,999,0
EC0258,18,2,30814,2576,5,10.5,0,0,0,28.6,2,13,紹介,126,0
EC0259,90,2,15276,5633,4,18.2,2,0,0,17.1,1,5,検索,105,0
EC0260,25,3,16994,2505,6,1.2,0,0,1,12.6,1,1,検索,999,0
EC0261,30,3,4506,3714,3,29.1,0,0,0,28.5,1,16,SNS,999,0
EC0262,119,2,5452,4337,11,13.3,1,2,0,3.7,3,24,SNS,999,0
EC0263,90,1,5178,8706,1,52.5,2,0,1,0.5,3,2,広告,55,0
EC0264,57,2,24476,8178,1,14.3,0,0,1,15.4,1,1,直接アクセス,999,1
EC0265,52,2,14341,3563,2,43.4,2,1,0,20.2,1,2,広告,999,0
EC0266,90,3,5453,4418,4,28.7,0,0,0,32.9,4,27,広告,999,0
EC0267,21,2,23863,2213,2,23.4,2,0,0,10.0,4,4,SNS,999,0
EC0268,30,3,23004,1773,2,13.9,0,0,0,18.1,3,3,検索,999,0
EC0269,5,4,6667,2658,2,14.4,2,0,0,4.1,2,1,SNS,11,0
EC0270,25,2,12993,8617,3,31.1,1,0,0,11.5,4,4,紹介,999,1
EC0271,90,4,23089,7259,1,19.7,0,0,0,8.2,4,15,紹介,71,0
EC0272,90,0,5662,5953,0,18.6,0,0,0,22.4,1,38,SNS,999,1
EC0273,66,2,23534,2371,1,63.2,0,1,0,48.6,4,4,検索,999,0
EC0274,30,1,18052,3443,3,38.7,1,0,0,32.7,3,3,検索,999,0
EC0275,22,0,4918,3200,7,11.3,0,1,0,13.0,4,26,検索,74,0
EC0276,10,3,16643,4523,4,33.7,1,0,0,47.5,2,22,紹介,54,0
EC0277,178,1,19257,4382,6,42.8,2,1,0,24.2,2,4,検索,26,1
EC0278,24,5,7143,2978,5,27.3,1,0,1,27.7,3,1,SNS,999,0
EC0279,180,4,7728,5852,2,34.7,1,1,1,24.4,5,57,紹介,999,0
EC0280,52,1,4873,5510,3,19.7,2,0,0,23.0,2,13,検索,999,0
EC0281,2,0,8527,3413,5,36.0,0,0,0,21.0,1,31,SNS,999,0
EC0282,33,0,13199,5722,5,15.7,0,0,0,14.7,3,5,検索,999,0
EC0283,95,2,7750,8622,3,59.4,2,2,0,30.2,3,12,SNS,999,1
EC0284,46,0,3026,10036,4,51.7,2,0,0,13.2,4,13,検索,999,0
EC0285,90,5,6710,6281,3,36.0,0,0,1,28.2,5,24,SNS,106,0
EC0286,90,2,8801,6189,0,37.8,1,0,2,40.5,3,59,広告,14,0
EC0287,1,1,30237,4358,7,7.9,2,0,0,3.8,2,1,広告,999,0
EC0288,30,2,24215,8224,2,30.4,1,0,0,22.0,4,11,SNS,999,0
EC0289,38,2,30829,2877,5,30.3,0,0,0,12.0,3,4,紹介,14,0
EC0290,1,0,6380,7761,1,36.0,0,0,0,44.4,2,20,検索,999,0
EC0291,90,2,15391,4256,1,8.2,2,1,0,31.8,4,16,紹介,6,1
EC0292,30,2,3000,10357,1,38.0,0,0,0,4.4,1,26,検索,54,0
EC0293,10,1,20515,6595,3,51.0,1,0,0,14.7,4,5,SNS,11,0
EC0294,16,2,24609,4750,3,72.8,0,1,0,45.3,5,2,検索,999,0
EC0295,107,1,9399,4366,1,41.8,0,0,0,15.7,5,1,検索,80,0
EC0296,30,1,17951,6392,3,24.9,1,0,0,65.7,3,3,直接アクセス,39,0
EC0297,5,0,3000,6238,3,38.8,1,1,2,53.3,6,5,検索,999,0
EC0298,90,3,5996,4027,7,35.7,2,0,0,40.4,1,35,SNS,56,0
EC0299,31,0,28722,5145,4,31.6,2,0,0,16.3,5,8,SNS,999,1
EC0300,1,1,22275,7693,3,14.8,1,0,0,30.0,2,9,SNS,179,0
EC0301,90,2,8849,2485,3,5.6,1,0,1,18.8,2,25,紹介,999,1
EC0302,1,4,30072,7065,1,17.2,0,0,0,27.1,1,25,直接アクセス,999,1
EC0303,1,2,15341,6377,5,43.1,2,0,0,13.0,2,9,SNS,60,0
EC0304,30,1,8068,8895,2,10.5,2,0,1,26.4,2,1,検索,999,0
EC0305,1,1,11127,3436,2,40.9,1,0,0,55.6,4,3,検索,999,0
EC0306,90,3,8472,4928,2,35.2,3,1,0,27.8,4,7,SNS,999,0
EC0307,38,4,4089,5445,5,4.7,0,0,0,13.8,4,16,検索,999,0
EC0308,15,0,46942,7111,2,1.9,0,0,0,34.2,1,14,SNS,1,0
EC0309,4,2,7570,6090,1,19.0,2,0,0,62.3,3,12,広告,999,1
EC0310,90,4,5811,2644,7,43.3,0,1,1,27.1,1,25,SNS,999,0
EC0311,15,1,3000,5684,6,45.9,0,0,0,12.0,3,19,検索,999,0
EC0312,14,2,3000,13388,2,20.3,1,0,0,11.3,2,48,SNS,999,0
EC0313,233,5,26943,6673,2,22.2,0,0,0,9.6,2,26,広告,30,0
EC0314,30,3,29543,11148,3,21.4,1,0,0,20.3,3,2,SNS,999,0
EC0315,18,0,44048,8279,4,38.2,1,0,0,31.6,4,1,検索,48,0
EC0316,30,4,11509,9712,2,11.1,1,1,0,1.7,4,6,SNS,999,0
EC0317,8,2,9681,5738,2,15.5,2,0,0,15.2,4,11,SNS,999,0
EC0318,30,1,8040,6379,2,57.3,0,0,1,43.4,3,12,検索,23,1
EC0319,3,3,8808,5584,4,62.1,0,0,0,45.4,5,3,直接アクセス,999,0
EC0320,90,2,40937,4925,5,24.0,2,0,0,11.4,4,23,広告,999,0
EC0321,90,3,13010,7123,3,26.3,0,0,0,38.3,5,4,広告,999,0
EC0322,30,0,19498,3787,3,19.0,3,1,0,39.7,4,30,紹介,999,0
EC0323,22,2,8586,12615,2,39.4,2,0,0,17.8,5,7,広告,9,0
EC0324,8,2,50053,3090,5,16.3,0,0,0,11.3,4,1,広告,114,0
EC0325,6,2,3000,7373,2,26.2,1,0,0,9.7,3,2,SNS,999,0
EC0326,6,5,3942,9792,3,13.6,0,0,0,7.4,3,1,SNS,24,0
EC0327,90,2,19530,4499,3,60.7,3,0,1,2.8,3,1,検索,29,1
EC0328,207,2,76926,2817,2,27.1,1,0,0,50.8,5,15,検索,10,0
EC0329,1,3,10666,8758,1,73.0,1,0,0,21.0,1,2,SNS,999,0
EC0330,60,0,5753,5440,1,61.0,0,0,1,47.7,4,21,広告,999,0
EC0331,30,4,36339,7380,4,59.0,1,0,0,61.2,4,3,SNS,999,0
EC0332,26,3,18466,4653,1,6.0,0,0,0,44.3,2,1,広告,999,0
EC0333,30,2,48543,11683,3,53.5,1,0,0,6.8,7,20,広告,999,0
EC0334,28,3,3676,1705,2,21.7,0,0,0,66.9,2,7,検索,999,0
EC0335,259,2,44876,5931,1,12.2,2,0,0,45.7,2,10,検索,999,1
EC0336,1,3,3000,9613,6,12.7,2,0,1,26.5,4,4,検索,8,0
EC0337,15,1,10014,5180,2,57.3,1,0,0,50.1,4,1,検索,999,0
EC0338,42,2,20186,5716,4,70.1,1,0,0,13.8,7,5,SNS,999,0
EC0339,90,2,16090,3956,4,12.5,2,2,0,35.8,3,8,広告,999,0
EC0340,36,2,38583,4965,7,44.5,0,0,1,35.3,4,1,検索,37,0
EC0341,30,2,3000,2130,2,52.9,3,0,0,9.8,3,10,紹介,8,0
EC0342,90,3,15382,3431,8,63.8,0,0,0,35.0,4,26,紹介,137,0
EC0343,30,5,44339,3316,3,24.8,1,0,0,19.9,4,2,SNS,15,0
EC0344,90,1,14175,6867,4,7.8,0,1,0,14.2,5,31,広告,2,0
EC0345,1,5,4262,3693,4,37.1,1,1,0,51.2,3,1,検索,154,0
EC0346,30,3,36589,3747,5,5.4,1,0,0,17.0,3,20,広告,999,0
EC0347,19,3,6986,4068,1,28.0,1,1,0,33.4,6,22,検索,70,0
EC0348,10,2,5858,3380,3,35.5,1,1,0,3.6,4,3,広告,2,0
EC0349,101,4,5166,5622,2,34.7,0,0,1,15.2,2,37,SNS,45,1
EC0350,5,3,10952,5936,1,5.8,0,0,0,16.6,3,6,直接アクセス,999,0
EC0351,23,4,16043,7424,2,29.1,0,0,0,9.4,2,1,SNS,999,0
EC0352,90,1,3755,6811,3,19.6,2,0,0,28.9,3,10,検索,999,1
EC0353,63,4,4611,6479,7,17.0,4,1,0,14.6,4,60,SNS,183,0
EC0354,90,0,6670,4169,4,17.3,3,1,0,8.1,2,27,広告,16,0
EC0355,34,1,5141,4037,1,35.0,0,0,1,3.9,1,3,広告,999,1
EC0356,90,6,13859,3179,1,59.7,2,1,0,32.0,4,10,直接アクセス,24,0
EC0357,34,1,19172,3150,1,13.0,1,0,0,1.3,3,1,紹介,999,0
EC0358,13,3,16711,5416,4,46.7,0,0,1,4.4,4,7,SNS,80,0
EC0359,1,2,16736,3429,6,70.2,0,0,0,10.1,1,8,検索,80,0
EC0360,90,4,71039,10241,6,9.7,1,1,0,19.7,3,4,検索,999,0
EC0361,2,2,20408,4823,0,7.9,2,0,0,12.5,1,7,直接アクセス,999,0
EC0362,13,2,29259,10411,8,34.5,0,0,0,22.8,2,30,直接アクセス,999,0
EC0363,67,2,8825,6541,3,30.5,1,0,0,12.9,3,8,検索,14,0
EC0364,90,1,34337,3332,4,15.1,0,0,0,10.8,3,21,広告,999,0
EC0365,14,0,8413,4764,2,1.4,3,0,0,33.3,3,4,広告,14,0
EC0366,1,4,20159,2128,2,59.2,1,2,0,16.8,1,42,広告,999,0
EC0367,10,5,3390,5405,2,43.2,1,0,0,3.9,4,1,紹介,31,0
EC0368,4,1,15775,3488,0,6.8,1,0,0,5.7,7,10,検索,999,0
EC0369,10,7,5037,2816,6,34.1,0,1,0,21.7,2,18,紹介,999,0
EC0370,30,2,34065,10520,4,21.3,1,0,0,26.5,3,20,SNS,999,0
EC0371,5,2,32076,8227,3,29.7,2,0,0,9.8,4,2,SNS,999,0
EC0372,22,2,8378,8115,3,58.7,2,0,1,8.5,4,6,SNS,999,0
EC0373,19,2,103732,7266,1,3.9,1,0,0,24.4,3,11,SNS,79,0
EC0374,35,3,10037,2650,5,45.4,0,0,0,6.6,2,4,広告,999,0
EC0375,128,2,3000,4022,3,9.9,0,1,0,9.1,4,12,広告,59,0
EC0376,6,1,6129,4147,4,24.4,0,0,0,6.0,2,5,SNS,999,0
EC0377,7,0,4702,2090,2,16.8,1,0,0,25.2,5,5,広告,999,0
EC0378,31,0,19527,3720,0,19.6,1,0,0,33.8,1,1,SNS,999,0
EC0379,30,1,3884,3740,1,16.5,1,0,0,34.9,2,1,直接アクセス,10,0
EC0380,172,4,7791,5234,1,6.5,0,0,0,38.3,1,21,検索,999,0
EC0381,4,4,18298,17434,4,20.7,1,1,0,25.2,3,8,SNS,999,0
EC0382,10,4,15346,4863,0,30.1,1,0,1,13.2,3,9,検索,84,0
EC0383,44,2,13191,5235,2,38.5,2,0,0,55.9,7,5,SNS,999,0
EC0384,5,3,15153,4336,3,13.6,3,0,1,30.7,3,1,検索,44,1
EC0385,8,1,9223,7107,3,13.5,1,0,0,4.0,5,7,直接アクセス,999,0
EC0386,14,3,3000,2872,3,3.2,2,0,0,18.4,4,3,検索,999,0
EC0387,5,4,8983,12683,1,35.1,0,0,0,1.1,1,21,SNS,63,0
EC0388,62,1,21348,4618,2,22.9,0,1,0,30.4,4,51,広告,999,0
EC0389,156,1,11650,4033,3,4.1,0,0,0,4.8,2,26,検索,999,1
EC0390,6,2,19761,7982,4,7.0,0,0,0,39.9,1,9,紹介,29,0
EC0391,1,2,7429,3148,4,13.1,1,0,0,2.5,3,11,紹介,999,0
EC0392,30,1,36110,7041,1,20.5,1,0,0,38.6,3,35,広告,140,0
EC0393,90,4,3000,9922,0,21.8,0,1,0,22.5,7,9,検索,1,0
EC0394,41,1,15389,4356,3,59.2,2,0,0,32.3,2,12,検索,1,0
EC0395,128,2,51476,13717,4,2.8,1,0,0,14.6,2,11,検索,999,1
EC0396,60,3,59736,6782,0,46.3,0,0,0,63.3,5,14,検索,59,0
EC0397,30,2,10595,6824,1,5.4,0,0,0,17.6,5,12,検索,999,0
EC0398,90,1,3546,9729,4,54.1,0,1,0,3.0,2,13,紹介,999,0
EC0399,34,2,52390,11107,2,35.3,2,0,0,20.8,2,15,SNS,134,0
EC0400,30,1,12684,5602,5,13.2,0,0,0,16.6,2,19,SNS,999,0
EC0401,33,4,11396,7320,5,5.4,1,0,0,29.9,2,6,検索,999,0
EC0402,2,3,5470,9879,4,27.5,0,0,0,19.5,3,16,SNS,999,0
EC0403,30,0,3828,2749,2,28.3,0,0,0,46.7,4,1,SNS,100,0
EC0404,37,3,23479,2069,5,10.8,1,0,0,12.1,5,25,紹介,999,0
EC0405,90,2,26104,4775,6,27.9,2,1,0,16.0,3,4,検索,999,0
EC0406,90,2,16342,2045,1,20.5,1,0,0,3.0,1,6,紹介,88,0
EC0407,90,0,6222,4200,2,31.3,0,1,0,34.4,1,19,広告,28,1
EC0408,11,2,4605,5751,2,19.6,0,1,2,0.7,2,12,直接アクセス,999,0
EC0409,30,2,3189,4282,2,15.6,2,0,0,48.7,3,4,検索,103,0
EC0410,90,2,7627,4578,3,69.0,0,0,1,16.9,2,3,検索,999,1
EC0411,30,3,4886,2978,1,30.1,4,0,0,28.5,3,37,SNS,999,0
EC0412,90,2,3000,7288,4,40.6,1,0,0,20.2,4,1,直接アクセス,999,0
EC0413,59,1,25625,2887,2,25.9,2,1,0,18.5,2,1,広告,3,1
EC0414,111,1,3572,1717,0,30.6,0,0,0,25.2,3,13,広告,999,0
EC0415,48,0,35736,4430,1,12.9,0,0,0,5.0,4,11,検索,7,0
EC0416,4,2,19812,7765,5,35.2,3,0,1,24.9,1,16,SNS,82,0
EC0417,80,0,17931,5114,5,36.9,2,0,0,5.6,3,15,SNS,999,0
EC0418,36,1,70636,2745,3,46.9,1,0,0,28.3,3,23,SNS,2,0
EC0419,32,1,3693,5171,2,28.7,1,1,0,36.1,3,30,検索,999,0
EC0420,30,0,32008,6118,1,32.8,3,1,0,31.7,2,17,検索,999,0
EC0421,1,3,9920,5141,2,22.2,1,1,0,7.4,3,3,広告,27,0
EC0422,34,2,174742,4305,3,65.6,1,0,0,18.7,4,7,直接アクセス,21,0
EC0423,15,2,9128,6266,3,20.3,1,1,0,21.0,5,12,広告,40,0
EC0424,23,1,7767,2060,5,23.6,2,1,0,20.4,6,9,広告,999,0
EC0425,90,3,20445,3143,3,49.0,2,1,0,13.4,3,2,直接アクセス,2,0
EC0426,24,3,10841,2559,2,9.6,2,0,0,31.2,4,10,検索,137,0
EC0427,1,2,6257,9644,5,51.2,3,0,0,28.4,1,26,検索,999,0
EC0428,90,1,5063,7016,3,50.8,0,1,0,22.2,3,6,広告,32,0
EC0429,30,4,57423,5391,4,39.1,1,0,0,1.1,5,13,SNS,31,0
EC0430,1,3,4173,2379,4,8.1,2,0,1,25.7,2,11,SNS,999,0
EC0431,7,2,16698,7130,4,28.4,2,0,0,1.2,2,5,検索,33,0
EC0432,332,5,38414,9830,5,10.7,0,0,0,46.1,2,9,SNS,116,0
EC0433,48,1,40315,6540,4,44.5,0,0,0,0.1,2,2,SNS,1,0
EC0434,10,0,7319,4829,4,11.0,0,0,0,12.5,7,9,SNS,999,1
EC0435,30,1,10870,6740,0,28.9,0,0,0,8.7,2,19,SNS,182,0
EC0436,30,4,8953,5633,4,22.2,0,1,0,17.7,3,17,SNS,17,0
EC0437,7,1,3000,7809,2,34.7,1,0,1,34.7,2,5,直接アクセス,999,0
EC0438,14,0,22868,7722,5,19.2,0,0,0,30.5,3,1,直接アクセス,59,0
EC0439,140,2,13884,4400,5,37.4,0,0,0,45.9,5,19,紹介,156,0
EC0440,90,1,56420,3532,2,15.7,1,0,0,61.4,2,3,直接アクセス,999,0
EC0441,90,3,5865,4024,4,11.7,0,1,0,8.6,2,1,検索,999,0
EC0442,1,4,39683,6424,0,32.8,2,0,0,8.3,3,7,紹介,65,0
EC0443,30,2,42584,4147,2,18.8,1,0,0,19.8,2,16,SNS,999,0
EC0444,3,2,14003,3376,0,46.1,0,1,0,29.4,6,19,広告,999,0
EC0445,107,3,3000,4912,6,5.9,3,0,0,42.8,2,48,検索,999,0
EC0446,18,1,8001,8550,4,43.8,2,0,1,22.8,1,2,紹介,101,0
EC0447,30,1,79687,5258,5,57.0,1,0,0,15.8,7,4,検索,999,0
EC0448,9,4,17980,4280,6,20.4,1,0,0,25.2,7,11,検索,175,0
EC0449,33,1,26726,5768,5,12.9,0,0,0,26.8,2,20,紹介,10,0
EC0450,7,1,12220,5125,5,34.2,2,0,1,52.1,2,3,広告,999,1
EC0451,102,1,10684,1869,2,7.9,2,0,0,17.1,3,6,SNS,71,0
EC0452,11,3,3000,6963,3,40.6,1,1,0,30.9,5,6,広告,12,0
EC0453,30,3,29576,6025,9,9.9,2,0,0,25.8,3,17,検索,999,0
EC0454,10,3,39327,4954,0,46.0,1,0,0,10.5,1,3,広告,95,0
EC0455,7,1,5162,8359,1,28.2,0,0,1,13.9,4,41,検索,999,0
EC0456,30,0,11171,9013,3,6.5,1,0,0,10.0,2,8,紹介,999,0
EC0457,33,1,9762,7327,6,59.7,1,0,0,26.4,2,3,SNS,999,0
EC0458,30,2,20336,3212,1,13.7,1,0,1,34.8,5,4,直接アクセス,999,1
EC0459,51,1,7751,3268,5,31.6,0,0,0,16.7,4,1,SNS,999,0
EC0460,10,3,33905,8592,3,9.4,0,0,0,60.7,2,14,SNS,999,0
EC0461,30,3,14347,1922,5,27.0,1,0,0,48.7,5,17,SNS,999,0
EC0462,25,3,3000,4562,7,30.8,0,1,0,17.4,3,1,SNS,18,0
EC0463,90,2,20800,6123,5,26.6,3,0,0,50.1,3,10,検索,999,0
EC0464,30,2,36183,2048,6,40.7,1,0,0,67.2,4,18,紹介,9,0
EC0465,30,1,4221,5525,1,24.9,1,1,0,36.0,1,5,SNS,28,0
EC0466,30,4,20105,7920,2,9.5,0,0,0,25.8,3,6,SNS,60,0
EC0467,76,2,83279,2338,1,24.5,1,0,0,6.4,2,5,検索,42,0
EC0468,23,2,14944,11260,5,13.8,1,0,1,48.7,2,4,検索,105,0
EC0469,14,2,41840,2966,2,32.1,2,0,0,12.2,1,8,広告,61,0
EC0470,335,1,8585,6550,2,34.0,0,0,0,17.0,1,2,紹介,18,1
EC0471,139,1,13121,4713,2,37.9,1,0,1,26.0,6,6,SNS,999,1
EC0472,220,0,10887,5088,2,3.8,2,0,0,28.7,3,34,検索,999,1
EC0473,90,3,9071,2586,2,31.2,1,0,0,16.1,4,1,検索,52,0
EC0474,1,2,11525,9230,2,34.1,1,0,0,14.5,4,2,紹介,29,0
EC0475,55,2,3000,5784,6,20.9,2,0,0,14.3,5,18,広告,999,0
EC0476,46,2,9596,11052,0,20.1,0,0,1,44.4,4,1,直接アクセス,999,0
EC0477,90,2,50909,2620,1,8.2,2,1,0,8.1,4,3,検索,999,1
EC0478,1,3,5096,4488,4,14.5,0,0,0,29.0,2,7,直接アクセス,999,0
EC0479,30,2,4600,5457,6,60.3,1,0,0,43.5,4,34,紹介,140,0
EC0480,1,3,14203,5065,3,16.4,0,0,1,11.3,2,2,紹介,999,1
EC0481,30,5,14930,6859,3,34.0,0,0,0,14.6,1,30,検索,999,0
EC0482,129,1,19486,4460,3,30.2,1,1,1,31.1,2,15,広告,999,0
EC0483,3,3,11923,14200,4,40.4,2,0,0,36.3,2,13,SNS,999,0
EC0484,37,1,14355,5013,1,23.2,1,1,0,43.5,2,15,広告,999,0
EC0485,12,2,9406,1500,4,14.6,1,1,0,5.9,3,1,SNS,6,0
EC0486,2,0,3730,5126,4,72.2,1,0,0,21.5,3,1,広告,107,0
EC0487,1,1,12439,9234,4,51.6,0,0,0,45.3,4,4,直接アクセス,86,0
EC0488,30,1,27573,3097,1,43.0,0,0,1,13.8,2,1,広告,103,0
EC0489,6,2,22360,3000,2,7.0,0,1,0,17.3,2,52,広告,21,0
EC0490,1,6,3000,3228,1,39.2,1,0,0,6.6,3,10,広告,72,0
EC0491,106,1,17187,2869,2,54.1,0,1,0,26.6,2,8,広告,14,0
EC0492,158,3,5471,3867,2,7.4,1,2,0,19.0,4,18,SNS,1,0
EC0493,30,1,53753,7743,3,17.3,2,0,0,35.0,4,45,SNS,120,0
EC0494,54,3,18513,10542,2,18.5,0,0,0,12.0,3,37,広告,44,0
EC0495,11,3,32737,1500,5,32.0,2,0,0,16.4,5,18,検索,999,0
EC0496,4,1,13645,4067,5,20.8,2,1,0,29.5,2,5,広告,999,0
EC0497,184,1,12505,5717,3,37.0,1,0,0,35.6,2,1,紹介,188,0
EC0498,90,3,59625,5438,5,44.9,1,0,0,2.5,2,1,SNS,57,0
EC0499,3,3,35340,12707,3,25.2,1,0,1,31.6,6,1,直接アクセス,43,0
EC0500,39,0,15030,1798,8,45.3,0,0,0,9.4,1,1,SNS,21,0
EC0501,16,2,10941,1500,8,20.7,3,0,0,24.5,6,33,検索,104,0
EC0502,1,3,3000,13781,4,20.8,0,0,0,23.8,3,31,SNS,999,0
EC0503,30,4,18482,7163,1,38.3,0,1,0,18.6,5,13,直接アクセス,999,0
EC0504,83,2,11776,3693,0,32.4,1,1,0,35.2,5,15,直接アクセス,999,0
EC0505,30,2,23247,5355,3,18.3,1,0,0,23.3,4,8,SNS,999,0
EC0506,30,2,31502,5550,4,31.8,3,1,0,14.4,2,3,検索,80,0
EC0507,90,1,45840,3649,3,43.6,1,1,0,30.9,3,29,検索,999,0
EC0508,5,1,18713,5275,6,11.1,0,0,0,12.6,2,3,広告,999,0
EC0509,30,1,4692,5868,4,38.0,0,1,0,17.7,3,16,広告,999,0
EC0510,11,4,3000,13463,4,66.3,1,0,0,5.2,1,3,広告,28,0
EC0511,7,4,5856,7956,3,23.7,1,0,0,4.6,3,24,紹介,999,0
EC0512,2,2,50690,11727,2,38.6,1,1,0,3.3,3,12,広告,124,0
EC0513,30,0,82742,2510,5,34.2,1,0,0,30.1,2,12,検索,999,0
EC0514,90,4,10531,4131,4,31.0,3,1,0,49.2,1,1,SNS,999,1
EC0515,20,2,3099,5547,3,40.8,1,1,0,30.9,2,6,紹介,96,0
EC0516,90,7,6985,1880,5,33.4,1,0,0,20.3,1,8,広告,48,0
EC0517,35,2,41681,8874,2,15.2,1,1,0,45.1,3,4,検索,35,0
EC0518,90,5,7398,6775,2,35.5,1,1,1,31.4,4,25,SNS,12,0
EC0519,30,2,24079,4090,2,32.1,0,0,0,7.4,3,21,広告,5,0
EC0520,26,2,15812,4484,3,13.0,1,2,0,25.7,1,8,検索,19,0
EC0521,6,3,27173,9199,3,38.4,2,0,0,45.7,2,4,広告,999,0
EC0522,90,2,82290,3301,3,34.3,1,1,2,21.7,3,19,広告,31,0
EC0523,30,1,24095,9387,0,24.2,0,0,2,19.8,5,2,検索,50,1
EC0524,30,0,15473,4332,4,57.6,1,0,1,22.8,5,1,広告,5,0
EC0525,1,1,91892,7172,4,9.1,0,1,0,41.8,2,1,検索,7,0
EC0526,21,5,18949,5132,2,21.7,2,1,0,16.7,2,1,SNS,999,0
EC0527,25,3,6045,15011,4,51.1,2,0,0,28.5,2,8,SNS,999,0
EC0528,50,1,26568,3153,2,50.4,1,0,0,27.0,2,3,広告,18,0
EC0529,1,3,20898,3689,1,31.3,4,0,0,56.9,5,14,広告,999,0
EC0530,1,1,9819,2314,1,66.7,0,0,0,59.9,4,12,検索,22,0
EC0531,29,2,7961,2840,1,21.9,0,1,0,48.6,2,9,紹介,27,0
EC0532,10,4,9914,7020,1,25.6,3,1,0,33.7,3,5,検索,38,0
EC0533,105,0,7848,10938,2,32.4,3,1,0,39.9,5,22,SNS,23,1
EC0534,30,0,10241,7429,1,25.7,1,0,0,44.5,2,14,SNS,999,0
EC0535,63,3,5751,4901,5,4.9,2,0,0,15.3,3,3,広告,125,1
EC0536,90,3,19656,3143,2,38.5,0,0,0,33.9,4,8,検索,999,0
EC0537,38,2,18236,7701,1,10.8,0,1,0,57.6,1,2,検索,999,1
EC0538,90,2,18867,3058,3,37.5,1,0,0,42.1,4,4,SNS,69,0
EC0539,30,1,12551,2503,5,16.3,1,0,0,5.1,2,60,検索,999,0
EC0540,117,4,11185,4212,3,13.2,2,0,0,33.8,3,3,紹介,27,0
EC0541,30,2,56500,1777,3,40.6,2,0,1,46.8,2,14,検索,999,0
EC0542,19,3,14291,2463,1,10.1,1,0,0,7.6,3,3,SNS,44,0
EC0543,240,5,47276,12619,2,11.4,1,0,0,14.9,2,33,SNS,999,0
EC0544,3,1,4932,2245,3,20.2,0,1,0,57.1,2,4,広告,94,0
EC0545,25,3,24080,2713,2,13.2,2,0,0,15.9,2,5,広告,140,0
EC0546,30,4,6407,5094,4,26.1,3,1,0,6.6,2,10,SNS,5,0
EC0547,1,3,7660,5228,4,29.3,2,1,0,28.1,2,10,検索,999,0
EC0548,30,2,8849,4370,4,15.5,1,0,0,36.7,3,10,広告,143,0
EC0549,49,6,8311,1804,2,18.9,0,1,0,36.3,2,10,検索,999,0
EC0550,24,1,8353,7511,3,36.5,0,0,1,20.4,3,4,広告,86,0
EC0551,30,1,45128,3938,1,13.8,0,0,1,66.1,1,6,紹介,81,1
EC0552,56,5,13980,9047,3,9.3,0,0,0,14.0,4,10,検索,999,0
EC0553,90,1,16731,3560,2,35.0,1,1,0,56.4,5,13,SNS,999,0
EC0554,30,3,8457,8032,0,32.8,1,1,0,16.3,3,3,検索,999,0
EC0555,14,0,31474,9396,3,30.2,0,1,0,17.5,2,14,紹介,2,0
EC0556,30,9,19054,3891,4,24.7,1,0,0,12.1,3,30,広告,31,0
EC0557,5,2,9809,7632,1,5.6,0,0,0,23.2,6,17,検索,79,0
EC0558,38,4,3000,2529,2,30.6,3,1,0,15.4,4,1,SNS,34,0
EC0559,45,0,16585,5607,5,10.4,3,0,0,24.0,3,7,広告,85,0
EC0560,30,0,23758,9055,0,9.5,4,0,0,17.3,1,6,SNS,999,1
EC0561,10,1,5019,6369,1,16.0,1,1,0,23.3,3,4,検索,999,0
EC0562,1,0,9942,16368,2,58.8,2,0,0,64.9,2,8,SNS,13,0
EC0563,30,3,22860,6549,2,26.2,0,1,0,16.1,2,6,広告,32,0
EC0564,90,1,3000,4094,2,31.2,1,0,0,8.2,4,1,SNS,2,0
EC0565,30,3,6982,20342,4,40.3,1,0,0,3.7,2,3,検索,999,0
EC0566,90,0,19475,11123,3,11.6,0,1,0,40.8,5,2,紹介,999,0
EC0567,1,3,40336,2205,3,32.2,0,0,0,13.3,4,5,検索,999,0
EC0568,13,3,118869,3320,2,38.2,1,1,0,6.9,5,2,SNS,51,0
EC0569,7,3,94717,2924,3,19.4,1,1,0,12.0,4,1,広告,62,0
EC0570,19,3,15425,6787,1,59.8,1,1,0,8.3,1,2,SNS,999,0
EC0571,32,5,8231,6539,2,32.6,0,0,0,9.3,3,23,広告,15,0
EC0572,4,0,33628,6514,0,15.4,1,1,0,3.4,6,19,SNS,999,0
EC0573,10,2,7757,2175,4,33.7,0,0,0,43.3,3,7,広告,66,0
EC0574,33,2,6234,3572,4,17.6,2,0,1,14.4,4,25,広告,7,1
EC0575,9,4,9845,4561,6,48.3,0,0,0,7.5,2,3,紹介,999,0
EC0576,30,0,8684,1976,3,14.9,1,1,0,20.4,2,10,広告,999,0
EC0577,15,3,20183,3178,4,8.5,0,0,0,25.7,1,1,検索,999,0
EC0578,5,1,7314,9683,1,28.0,0,0,0,32.0,3,21,検索,1,0
EC0579,30,1,14546,2259,3,48.6,2,0,0,4.9,3,1,検索,3,0
EC0580,4,6,65838,10174,1,28.9,0,0,0,20.8,3,1,直接アクセス,999,0
EC0581,45,2,15095,8480,3,34.4,0,0,0,10.3,3,3,直接アクセス,999,0
EC0582,30,1,60885,4249,2,8.6,1,0,0,12.9,5,27,検索,28,0
EC0583,63,2,44447,3553,5,15.6,1,0,0,14.2,3,1,SNS,9,0
EC0584,90,2,24150,7449,4,63.1,0,1,0,9.5,3,4,検索,999,0
EC0585,90,2,9375,3314,1,21.9,0,0,0,2.2,3,4,直接アクセス,999,1
EC0586,35,3,37816,3398,4,17.2,3,1,0,60.3,2,19,検索,28,0
EC0587,52,2,10404,4856,2,9.4,0,1,0,67.1,2,6,SNS,999,0
EC0588,30,1,13332,1694,1,52.0,1,0,0,37.1,4,11,検索,999,0
EC0589,90,5,18586,2380,6,8.8,1,1,0,35.6,2,6,SNS,93,0
EC0590,32,2,13288,4197,1,17.1,0,1,0,32.7,2,9,検索,57,0
EC0591,15,3,6501,6234,4,6.0,0,0,0,13.7,1,1,SNS,107,0
EC0592,3,2,3000,3291,4,19.5,1,0,0,33.0,2,5,SNS,999,0
EC0593,7,1,34861,4452,6,19.6,1,1,1,23.1,5,23,SNS,999,0
EC0594,1,1,23631,2193,6,23.6,1,1,0,37.7,4,14,検索,999,0
EC0595,15,3,3000,7834,1,23.3,0,0,0,9.8,3,48,SNS,19,0
EC0596,107,0,6330,5486,4,7.3,2,0,0,20.3,3,18,紹介,29,0
EC0597,90,0,15979,5734,6,5.4,1,0,0,9.7,1,7,広告,83,0
EC0598,44,1,20797,6273,6,26.2,2,0,0,19.0,2,13,広告,89,0
EC0599,27,2,3000,5110,2,39.1,2,0,0,23.2,1,17,SNS,144,0
EC0600,9,2,12219,3858,4,59.9,0,0,0,27.9,3,3,広告,999,0
EC0601,90,2,22917,8645,4,22.2,0,0,1,36.5,5,1,SNS,999,0
EC0602,18,2,9400,5315,3,37.8,2,0,0,23.3,7,6,検索,999,0
EC0603,4,2,17254,4523,2,15.0,0,1,0,19.2,4,1,SNS,999,0
EC0604,90,3,8204,4893,0,71.6,2,0,0,3.3,2,3,検索,999,0
EC0605,3,2,33163,4841,3,28.8,2,0,0,25.5,4,35,検索,234,0
EC0606,6,1,6007,4501,0,28.4,0,0,0,18.4,4,22,検索,999,0
EC0607,30,2,4263,6142,1,40.0,2,0,0,6.9,3,10,検索,52,0
EC0608,30,3,13751,3078,3,23.6,1,0,0,40.7,3,6,SNS,44,0
EC0609,90,1,3185,3192,3,30.5,0,0,1,20.4,1,3,広告,999,1
EC0610,24,3,3000,6500,1,31.1,1,0,0,45.7,3,10,SNS,999,0
EC0611,24,1,39487,4570,8,78.6,1,0,0,52.9,3,9,紹介,999,0
EC0612,47,0,4992,7988,3,37.0,0,1,0,10.9,3,18,検索,999,1
EC0613,30,3,3520,6029,1,41.3,0,0,0,17.7,3,31,検索,35,0
EC0614,19,3,5932,3728,2,12.3,0,0,0,12.9,1,4,直接アクセス,26,0
EC0615,90,2,5672,6552,3,6.6,1,0,0,38.7,5,2,SNS,33,1
EC0616,180,1,11589,8942,1,50.8,2,0,0,11.5,2,6,広告,999,1
EC0617,1,3,4476,6145,3,19.4,1,0,0,27.7,4,6,SNS,999,0
EC0618,90,5,21986,6855,3,83.1,0,1,0,3.7,2,1,SNS,58,0
EC0619,30,4,25494,4510,5,7.7,2,0,0,51.1,3,23,検索,999,0
EC0620,30,0,3733,8074,5,28.8,1,0,0,19.9,4,60,紹介,999,0
EC0621,1,2,7200,3676,6,57.9,0,0,0,15.1,1,30,検索,86,0
EC0622,115,3,7918,5821,4,1.3,1,0,0,0.9,5,23,SNS,999,0
EC0623,68,2,11327,17760,1,33.3,2,0,0,15.0,6,58,広告,118,0
EC0624,30,4,39445,6434,1,35.4,0,0,0,22.2,4,28,SNS,999,0
EC0625,32,4,41785,3982,5,8.6,0,0,0,24.4,3,13,紹介,999,0
EC0626,30,1,162570,3977,4,4.6,0,0,0,36.3,4,2,検索,22,0
EC0627,3,4,3000,4742,3,30.3,0,0,0,1.9,2,2,広告,53,0
EC0628,30,0,5301,7522,1,19.9,3,0,0,42.8,5,1,SNS,116,0
EC0629,30,1,81961,5286,1,55.5,2,0,0,15.7,2,6,検索,999,0
EC0630,23,2,3000,3553,1,39.0,1,1,1,31.4,2,19,広告,46,1
EC0631,30,1,80118,3550,1,33.4,3,0,0,45.0,4,8,SNS,999,1
EC0632,30,6,15480,5302,2,25.1,1,0,0,41.1,3,5,SNS,999,0
EC0633,5,4,16060,5020,0,6.9,2,0,0,33.5,4,1,直接アクセス,999,0
EC0634,90,4,3715,6170,0,34.4,2,0,0,17.4,4,1,SNS,999,0
EC0635,54,2,8508,7775,2,22.5,2,0,0,44.1,6,6,紹介,91,0
EC0636,16,2,76678,19219,0,30.0,1,1,0,10.6,5,1,広告,999,0
EC0637,14,2,12737,2366,5,31.5,1,0,0,13.6,3,1,広告,24,0
EC0638,94,5,8565,6928,4,38.1,0,0,0,6.2,3,6,紹介,1,0
EC0639,90,2,20044,5162,2,37.8,0,0,0,5.9,1,8,検索,2,0
EC0640,15,3,11023,1954,1,6.9,0,0,0,27.3,4,2,紹介,1,0
EC0641,15,3,18866,9179,2,13.3,0,0,0,1.8,1,13,SNS,236,0
EC0642,90,0,5711,6066,1,11.0,1,0,1,17.2,4,6,紹介,999,1
EC0643,30,2,12367,7331,2,20.0,0,1,0,1.1,2,1,SNS,9,0
EC0644,41,4,7036,2101,5,22.1,0,0,0,20.5,4,12,紹介,39,0
EC0645,96,2,3000,4401,6,7.9,0,0,1,3.6,3,5,紹介,39,0
EC0646,4,0,21632,2865,4,21.0,0,0,0,11.9,2,1,広告,999,0
EC0647,8,1,3890,14494,2,32.1,0,1,0,5.8,4,35,SNS,999,0
EC0648,30,1,11330,8710,3,18.2,1,0,0,17.0,3,10,広告,189,0
EC0649,11,1,33727,3496,4,10.7,2,0,0,15.6,3,7,検索,999,0
EC0650,14,3,3000,2279,1,17.2,0,0,0,22.3,4,23,検索,210,1
EC0651,30,2,24457,5415,0,18.4,0,1,1,2.5,2,33,SNS,999,0
EC0652,90,3,9898,8486,7,48.7,0,0,0,7.3,4,2,SNS,999,0
EC0653,17,3,5082,2064,2,13.7,0,0,0,51.9,4,19,検索,22,0
EC0654,30,2,101004,3084,6,53.5,1,0,0,37.4,3,21,SNS,999,0
EC0655,30,1,13352,2827,2,14.5,1,0,0,12.9,3,1,検索,999,0
EC0656,30,1,7569,7581,3,20.5,2,0,0,7.3,3,14,検索,999,0
EC0657,1,5,6122,4085,6,42.1,0,0,0,13.8,3,1,検索,2,0
EC0658,10,1,32246,4171,4,27.4,2,1,0,5.4,2,10,SNS,999,0
EC0659,18,2,7244,5363,2,13.4,0,0,0,2.2,2,13,検索,999,1
EC0660,16,2,28467,3168,7,50.4,1,0,0,13.8,4,5,広告,164,0
EC0661,24,0,13326,2387,5,13.7,2,0,0,35.6,8,25,検索,999,0
EC0662,90,0,40789,9748,5,41.4,0,1,0,14.4,7,19,直接アクセス,999,0
EC0663,90,3,4710,10211,0,25.0,0,0,0,31.3,2,31,SNS,9,0
EC0664,179,1,5415,5376,2,50.3,2,0,1,44.1,1,4,検索,229,1
EC0665,90,4,10086,5575,1,25.8,2,0,0,57.4,3,1,検索,999,0
EC0666,90,4,10959,9232,5,47.0,0,0,0,10.0,5,20,広告,12,0
EC0667,30,1,9371,5315,3,14.2,0,0,0,19.2,1,3,検索,68,0
EC0668,1,5,185616,3985,8,36.2,0,0,0,6.3,5,7,直接アクセス,999,0
EC0669,17,1,105160,5012,2,29.1,0,0,0,30.4,1,20,SNS,121,0
EC0670,90,0,18016,9863,3,41.1,2,0,0,13.7,3,2,SNS,999,0
EC0671,30,2,20271,5047,2,27.3,1,0,0,5.0,2,4,直接アクセス,999,0
EC0672,1,3,10546,3516,3,10.0,0,0,0,38.7,4,6,SNS,5,0
EC0673,6,1,4675,5289,5,30.6,0,1,0,23.3,2,3,直接アクセス,999,0
EC0674,88,1,11135,6823,8,12.8,0,0,0,15.0,3,7,直接アクセス,44,0
EC0675,1,1,28886,6426,3,22.4,1,0,0,32.1,2,1,直接アクセス,999,0
EC0676,181,3,49297,6479,3,24.6,0,0,0,5.1,2,2,紹介,999,0
EC0677,30,2,36159,3250,5,36.1,1,0,0,51.3,3,21,検索,999,0
EC0678,1,2,3000,7223,2,37.2,2,0,1,13.4,4,6,SNS,999,1
EC0679,1,0,10004,4985,4,13.9,0,0,0,48.0,6,12,SNS,48,0
EC0680,54,1,3075,3443,3,20.1,1,1,0,48.1,2,3,直接アクセス,157,0
EC0681,161,1,42995,7194,5,35.6,2,1,0,29.0,4,12,SNS,29,0
EC0682,12,5,8845,3917,4,32.1,2,0,0,21.1,3,60,検索,17,0
EC0683,5,4,12744,2236,4,28.9,2,0,0,8.5,4,10,広告,43,0
EC0684,55,2,21591,2980,2,39.1,1,1,0,6.2,2,11,SNS,21,0
EC0685,2,2,212381,4488,4,36.6,1,1,0,14.0,6,1,広告,999,0
EC0686,90,0,17470,6562,5,7.7,1,1,0,36.1,4,6,直接アクセス,90,0
EC0687,33,0,10527,3190,3,5.4,0,0,0,2.0,4,23,広告,999,0
EC0688,2,1,3862,4357,0,22.5,1,1,0,41.4,1,21,広告,41,0
EC0689,90,2,57448,2674,3,60.4,0,2,0,17.8,4,8,広告,90,0
EC0690,54,3,11140,8030,6,49.7,0,0,0,7.7,2,28,広告,999,0
EC0691,106,2,70062,11598,5,40.6,0,0,0,14.5,4,1,検索,47,0
EC0692,34,0,40360,10988,3,6.5,1,1,0,9.5,3,12,SNS,60,0
EC0693,90,1,8408,7962,1,18.3,0,0,1,16.8,5,3,検索,999,1
EC0694,46,4,3320,7564,6,24.7,0,0,0,4.8,5,12,広告,7,0
EC0695,14,1,17545,1744,3,31.9,0,0,0,21.4,4,1,広告,999,0
EC0696,6,3,7223,5370,2,57.7,0,1,0,35.8,5,34,SNS,109,0
EC0697,15,0,13895,3835,3,21.0,1,0,1,33.3,1,18,SNS,60,0
EC0698,50,1,38141,7632,6,34.9,0,0,0,3.7,2,2,SNS,999,0
EC0699,12,3,3000,1500,1,33.5,2,0,0,3.2,4,12,検索,999,0
EC0700,90,2,17406,5412,3,21.8,0,0,0,11.1,3,17,検索,999,0
EC0701,61,3,28555,4415,1,22.2,1,1,1,15.2,4,2,広告,999,0
EC0702,44,1,29974,8597,4,26.2,1,0,0,30.5,5,1,広告,999,0
EC0703,90,1,3416,10657,1,46.1,2,1,0,5.6,4,5,SNS,72,0
EC0704,71,2,20319,3088,2,10.9,0,0,0,33.8,7,1,広告,49,0
EC0705,30,2,44513,3159,5,7.7,1,1,0,28.4,1,10,SNS,132,0
EC0706,1,2,18830,5515,2,39.9,0,1,1,48.0,1,6,紹介,6,0
EC0707,90,4,11900,11694,3,26.9,1,1,0,9.0,4,7,SNS,75,0
EC0708,5,1,41756,5064,4,36.0,0,0,0,5.5,3,9,直接アクセス,9,0
EC0709,20,2,6672,2592,3,44.7,2,0,0,34.0,4,48,SNS,3,0
EC0710,30,2,3000,3630,6,37.3,0,2,0,48.1,4,18,SNS,8,0
EC0711,42,2,10931,5438,3,0.6,0,0,0,52.7,2,11,広告,999,1
EC0712,20,2,22812,5541,3,29.3,0,0,0,4.3,2,5,SNS,999,0
EC0713,30,2,37757,3456,3,29.7,1,0,0,4.1,2,1,広告,3,0
EC0714,90,2,22708,3594,2,18.1,1,1,0,27.4,5,1,SNS,999,1
EC0715,12,1,30816,3008,3,36.6,3,1,1,13.1,2,15,SNS,999,1
EC0716,5,1,37998,8695,4,3.1,3,0,0,30.5,8,5,広告,1,0
EC0717,12,3,9514,3237,3,21.0,0,1,0,56.9,5,4,SNS,85,0
EC0718,39,1,11522,3895,3,67.2,0,0,0,28.6,2,26,検索,10,0
EC0719,30,2,48395,3840,3,3.9,0,1,0,31.8,3,7,紹介,999,0
EC0720,16,3,3983,2201,2,7.8,2,0,1,17.1,2,27,直接アクセス,53,1
EC0721,72,3,20519,3191,5,30.0,0,1,0,44.5,2,26,広告,5,1
EC0722,365,5,6524,9082,4,12.5,0,0,0,1.4,7,1,紹介,14,0
EC0723,2,1,40145,2684,0,25.4,0,0,0,29.3,2,34,直接アクセス,999,0
EC0724,73,3,13122,3035,2,45.5,1,0,0,31.0,2,1,広告,24,0
EC0725,30,2,13461,2524,5,35.3,0,1,0,33.3,1,39,直接アクセス,999,0
EC0726,134,3,75273,4697,3,8.7,1,0,0,6.5,5,7,SNS,96,0
EC0727,17,1,4554,12616,1,43.1,1,1,0,19.8,3,17,広告,94,0
EC0728,91,1,16577,4599,1,25.6,1,1,0,19.2,1,14,検索,71,1
EC0729,14,4,11157,5081,2,67.4,0,1,0,1.7,3,8,広告,130,0
EC0730,30,0,22752,3301,2,38.1,2,0,0,27.4,7,11,紹介,13,0
EC0731,93,4,91980,4765,5,38.1,0,1,0,9.2,4,35,SNS,999,0
EC0732,1,2,7293,9086,3,20.3,1,0,1,15.0,2,31,広告,999,0
EC0733,30,1,4034,5278,7,66.3,2,0,0,49.4,2,12,紹介,999,0
EC0734,90,0,5947,14269,5,42.0,2,0,1,28.1,2,12,紹介,43,0
EC0735,22,3,10584,9225,3,29.9,1,0,0,32.3,2,3,検索,81,0
EC0736,237,1,14245,4707,6,10.4,0,1,1,41.4,4,21,紹介,30,1
EC0737,58,1,14980,4661,4,19.0,1,0,1,26.4,5,12,検索,8,0
EC0738,14,2,81036,11108,2,22.0,2,1,0,15.6,1,21,広告,999,0
EC0739,39,0,67835,5264,1,20.6,1,1,0,35.3,3,12,SNS,999,0
EC0740,1,5,49165,9941,3,6.3,0,1,1,12.8,4,4,検索,999,0
EC0741,1,3,165121,13379,2,40.2,0,0,0,35.0,1,2,検索,49,0
EC0742,30,0,30457,4437,4,18.5,3,0,0,25.2,5,1,SNS,38,0
EC0743,23,3,40471,5860,6,29.9,0,0,0,58.6,1,10,広告,18,0
EC0744,30,1,29874,8022,2,24.7,0,0,0,33.9,5,4,検索,999,0
EC0745,1,0,25359,7213,3,36.4,0,1,1,31.6,3,11,紹介,999,0
EC0746,15,1,19819,7188,2,21.5,1,0,0,50.1,6,1,直接アクセス,77,0
EC0747,101,1,8983,2523,6,22.4,1,0,0,22.1,2,5,広告,999,1
EC0748,30,1,3839,3215,1,63.2,1,0,0,27.1,2,3,SNS,999,0
EC0749,7,0,11723,3836,8,37.2,1,0,0,25.8,4,5,広告,999,1
EC0750,30,1,23523,9020,3,35.7,1,1,0,7.3,4,1,検索,188,0
EC0751,9,2,14360,2649,6,34.9,1,2,0,57.9,1,15,検索,999,0
EC0752,67,4,4603,10526,1,32.5,0,1,0,56.4,2,1,紹介,999,0
EC0753,30,3,11317,7258,4,2.8,1,1,0,6.5,3,1,検索,9,0
EC0754,90,1,10742,8752,1,63.2,1,1,0,15.7,3,35,直接アクセス,999,0
EC0755,16,3,12552,3087,0,46.5,1,0,0,20.1,4,2,検索,999,0
EC0756,18,1,21827,5095,0,18.6,1,0,0,7.1,1,21,検索,82,0
EC0757,3,2,27072,5707,4,8.4,0,0,0,7.0,2,40,検索,63,0
EC0758,1,2,8102,5583,4,48.1,1,0,0,25.6,2,9,広告,999,0
EC0759,14,2,35636,5697,4,32.1,1,1,0,2.4,2,8,SNS,999,0
EC0760,90,1,41424,4280,2,38.5,3,0,0,30.0,3,5,検索,999,0
EC0761,60,0,18403,5258,3,27.4,1,0,1,4.4,3,6,広告,6,0
EC0762,5,3,25971,8240,3,52.4,1,0,0,9.1,1,7,直接アクセス,87,0
EC0763,94,1,35747,2742,4,14.2,1,1,0,28.4,4,1,広告,999,0
EC0764,30,0,4457,10652,7,9.1,0,0,0,9.3,3,5,検索,999,0
EC0765,90,2,38358,8030,0,38.2,1,0,0,60.1,2,20,検索,999,0
EC0766,30,0,6062,3033,3,26.1,4,0,1,31.6,3,2,広告,999,1
EC0767,98,1,6682,5954,4,47.5,0,0,0,50.8,2,15,広告,999,0
EC0768,34,2,16257,7713,4,47.1,1,0,0,19.4,3,12,直接アクセス,15,0
EC0769,15,1,3000,2650,3,21.2,0,0,1,15.8,1,1,SNS,3,0
EC0770,90,5,15924,5019,3,27.0,1,0,0,11.8,2,1,検索,999,0
EC0771,90,3,35659,4725,3,16.0,0,0,0,48.5,3,5,SNS,28,0
EC0772,6,1,3000,3558,2,24.1,1,0,0,31.9,1,14,広告,999,1
EC0773,1,1,39696,5147,2,23.1,0,0,0,6.3,3,4,SNS,999,0
EC0774,30,0,6642,3640,4,5.9,0,0,0,18.4,2,13,直接アクセス,43,0
EC0775,24,0,16429,9770,2,25.0,2,0,1,11.6,4,13,SNS,999,0
EC0776,30,2,7680,3592,4,13.6,0,1,0,11.4,2,19,SNS,211,0
EC0777,90,2,23692,7302,4,17.4,2,0,0,18.2,3,1,検索,98,0
EC0778,17,4,37232,2148,4,43.2,1,0,0,35.5,3,10,検索,160,0
EC0779,5,0,25514,4532,4,35.0,1,0,0,36.0,1,1,広告,48,0
EC0780,35,1,13306,4945,4,13.2,0,0,0,47.3,3,2,広告,999,0
EC0781,30,1,8301,4459,2,11.5,1,0,0,8.6,4,4,検索,10,0
EC0782,2,1,12465,4031,2,23.3,1,0,0,47.2,3,14,検索,999,0
EC0783,90,2,25744,3520,4,30.2,3,2,0,5.6,3,43,広告,16,0
EC0784,14,0,26642,7167,4,38.2,0,0,0,14.8,6,5,紹介,9,0
EC0785,1,1,23174,8100,7,21.9,1,0,1,33.7,2,8,SNS,2,0
EC0786,1,0,3704,4716,3,65.0,0,0,0,16.7,4,3,広告,38,0
EC0787,197,3,13055,2840,2,24.5,0,1,0,10.0,3,13,検索,20,0
EC0788,6,2,7090,12051,2,15.3,0,1,0,32.3,3,5,広告,259,0
EC0789,14,1,25976,3165,1,59.9,0,0,0,37.1,5,7,広告,17,0
EC0790,90,1,6216,2369,0,32.8,0,0,0,5.9,5,10,検索,999,0
EC0791,8,2,20995,1796,3,9.7,0,0,0,16.9,3,13,広告,22,0
EC0792,20,1,10074,5165,2,15.8,1,0,0,6.9,4,1,SNS,82,0
EC0793,90,0,3000,4408,2,6.0,1,0,0,31.8,4,9,検索,64,0
EC0794,90,5,33892,8229,1,36.2,0,0,1,5.7,4,6,SNS,49,0
EC0795,21,4,13026,6671,0,33.0,2,0,0,11.7,3,1,SNS,999,0
EC0796,67,2,47857,5682,4,38.0,0,0,1,22.8,1,2,広告,999,0
EC0797,6,0,3000,4291,1,21.4,0,0,0,10.3,2,25,検索,31,0
EC0798,62,3,9981,8561,4,31.1,0,0,0,46.4,2,24,広告,999,0
EC0799,123,2,10760,12502,6,25.0,0,0,0,10.4,1,1,検索,53,0
EC0800,30,6,17504,8139,1,4.9,0,0,0,34.4,7,14,検索,18,0
EC0801,16,3,3550,3898,3,19.8,0,0,0,12.5,3,9,SNS,999,0
EC0802,30,1,23018,7264,2,21.1,1,0,0,10.8,7,33,SNS,1,0
EC0803,17,2,90369,4019,5,30.2,1,0,0,8.6,1,28,直接アクセス,114,0
EC0804,46,1,21472,2828,3,21.6,1,0,0,26.5,1,10,広告,999,0
EC0805,1,3,14659,3135,1,53.2,1,0,0,16.2,1,1,SNS,12,0
EC0806,30,0,3369,4108,1,36.5,1,0,0,52.2,2,7,直接アクセス,999,0
EC0807,8,4,6159,5176,3,31.7,1,1,0,13.0,1,15,SNS,32,0
EC0808,117,3,12634,13770,2,36.1,1,0,0,22.2,2,36,検索,999,0
EC0809,11,1,7865,3162,4,30.3,1,0,0,14.4,2,5,SNS,96,0
EC0810,136,2,37281,9525,5,43.9,0,0,0,0.8,2,18,直接アクセス,999,0
EC0811,90,0,22781,4193,3,5.0,2,1,1,30.4,4,13,広告,87,0
EC0812,19,6,197279,1793,2,30.2,2,1,0,24.1,4,1,広告,140,0
EC0813,90,3,5009,3816,4,8.7,0,0,0,39.8,2,9,広告,999,1
EC0814,90,1,13809,8851,1,16.6,0,0,1,40.9,4,2,広告,57,1
EC0815,5,0,3349,5839,4,22.4,1,0,1,17.1,4,13,広告,76,0
EC0816,182,3,3000,6016,2,30.4,1,0,0,17.7,2,11,検索,68,0
EC0817,30,0,27521,9549,3,11.4,1,0,0,16.6,3,43,検索,122,0
EC0818,16,2,21952,2927,3,21.6,1,1,0,4.8,6,32,SNS,88,0
EC0819,90,2,5683,2904,1,57.0,1,0,0,25.5,2,1,紹介,7,0
EC0820,30,3,14662,1584,2,41.1,1,0,0,30.9,2,1,広告,999,0
EC0821,90,2,7120,7620,2,31.5,1,1,0,53.8,7,17,広告,68,1
EC0822,5,2,8150,6510,4,18.1,0,0,0,54.3,5,13,検索,8,0
EC0823,1,2,9698,7058,3,32.8,2,0,0,40.1,2,19,検索,88,0
EC0824,36,3,5450,2720,2,13.9,1,1,0,11.1,5,3,紹介,999,1
EC0825,90,2,6524,2203,2,31.8,1,0,0,15.6,2,22,検索,999,0
EC0826,90,1,6711,2540,3,38.0,2,0,0,10.3,3,7,広告,186,0
EC0827,90,2,20391,3098,2,26.7,2,0,0,14.6,5,3,検索,999,0
EC0828,33,3,3000,10689,3,11.7,4,0,0,36.9,5,1,広告,999,0
EC0829,30,2,10639,8103,4,55.1,2,0,0,8.7,1,24,広告,999,0
EC0830,30,0,4502,3908,2,12.9,1,0,0,15.1,5,9,広告,66,0
EC0831,30,3,4667,5708,2,35.7,2,0,0,21.1,8,44,SNS,29,0
EC0832,12,3,7897,3501,1,27.0,1,0,0,6.3,1,15,広告,6,0
EC0833,30,2,13169,5896,3,3.9,0,1,0,12.9,2,1,SNS,999,1
EC0834,39,1,10781,2782,3,47.7,1,0,1,17.6,1,10,直接アクセス,999,0
EC0835,20,6,4609,7151,3,37.0,3,0,0,10.0,6,1,SNS,41,0
EC0836,90,6,27493,3213,4,36.8,1,0,0,44.6,2,9,検索,102,0
EC0837,110,3,5417,7353,3,33.8,1,0,0,5.0,2,5,広告,999,0
EC0838,7,3,6407,3969,2,18.5,0,0,0,45.4,2,12,SNS,13,0
EC0839,4,2,17756,3310,3,16.5,0,0,1,7.3,7,9,紹介,999,1
EC0840,7,0,18404,11009,4,5.7,0,0,0,36.8,4,3,検索,99,0
EC0841,90,1,7246,5369,6,32.7,1,1,0,16.2,1,2,検索,999,0
EC0842,36,1,3000,4183,3,22.3,1,0,0,54.5,2,6,直接アクセス,148,1
EC0843,4,0,5511,7180,3,9.3,1,1,1,40.5,6,51,直接アクセス,87,1
EC0844,79,4,15707,2514,3,9.1,0,0,0,3.9,6,6,SNS,999,1
EC0845,33,3,26598,8547,3,18.1,0,0,1,2.3,4,16,検索,6,0
EC0846,30,3,12341,4583,5,55.8,2,0,1,15.2,3,1,SNS,999,0
EC0847,90,1,8275,6636,4,2.7,0,0,0,44.0,3,5,検索,999,1
EC0848,74,2,132350,2266,1,7.6,0,0,0,10.5,1,10,SNS,999,0
EC0849,30,2,9205,4059,3,36.6,1,1,0,35.5,5,16,SNS,74,0
EC0850,90,1,24642,4926,4,29.4,3,0,0,12.1,1,9,紹介,999,0
EC0851,2,2,3515,8226,2,49.4,0,0,0,25.1,1,8,検索,44,0
EC0852,4,0,4491,6906,2,25.5,1,0,1,21.0,5,17,広告,100,0
EC0853,90,1,25522,4039,1,39.7,1,0,0,19.8,3,4,広告,39,0
EC0854,4,0,37970,5761,4,47.6,0,1,0,31.6,7,1,広告,999,0
EC0855,1,1,9047,9212,1,28.7,1,0,0,1.9,2,5,SNS,999,0
EC0856,90,3,3000,4447,3,14.2,0,0,0,30.6,3,2,広告,999,0
EC0857,11,2,11298,4211,2,10.4,0,1,0,25.3,3,40,紹介,999,0
EC0858,2,3,16145,1910,0,11.8,0,0,1,38.6,6,10,広告,44,1
EC0859,90,2,14747,4274,1,16.6,1,0,0,31.8,3,7,検索,51,1
EC0860,217,1,7605,2059,1,17.8,2,1,0,46.6,6,29,検索,999,1
EC0861,90,3,11465,4641,3,5.6,4,1,0,37.7,2,27,紹介,17,1
EC0862,4,1,6312,8055,3,1.4,1,0,0,23.4,3,6,広告,999,1
EC0863,7,2,4394,1703,4,52.1,1,0,0,35.2,2,24,直接アクセス,999,0
EC0864,90,3,28443,9109,3,17.3,0,0,0,20.0,2,1,SNS,10,0
EC0865,25,2,14732,4166,3,15.0,0,0,0,5.2,3,26,検索,65,0
EC0866,53,1,11490,4848,4,61.5,2,0,0,8.1,2,4,SNS,57,0
EC0867,8,4,8045,3822,4,37.0,0,0,1,34.0,1,9,SNS,60,0
EC0868,90,1,11157,2086,3,57.8,1,0,0,10.4,4,3,SNS,999,0
EC0869,20,2,15682,3322,1,17.1,1,0,0,22.5,4,50,紹介,16,0
EC0870,40,0,75258,14026,2,12.8,0,0,0,19.0,2,1,広告,92,0
EC0871,30,0,25707,2841,0,23.2,1,0,0,14.0,2,7,検索,70,0
EC0872,21,1,6861,2221,3,29.6,0,0,0,8.4,5,11,広告,124,0
EC0873,30,3,6934,5274,3,4.2,0,1,0,11.7,2,11,広告,999,0
EC0874,25,1,5933,4708,1,33.5,2,1,0,51.9,5,16,広告,47,0
EC0875,1,1,10932,4181,2,25.3,4,0,2,12.9,3,15,広告,999,1
EC0876,4,0,5928,4950,4,51.7,0,0,0,15.9,2,18,広告,219,0
EC0877,30,2,21478,6782,2,47.4,2,1,0,40.5,3,3,SNS,274,0
EC0878,5,1,3000,3664,5,43.1,1,1,0,12.0,6,5,広告,999,0
EC0879,4,2,22814,5416,4,17.6,1,0,0,26.5,2,5,広告,132,0
EC0880,6,1,17595,8200,3,4.8,0,0,1,32.7,2,37,検索,999,0
EC0881,19,1,47228,2987,3,28.2,1,0,0,0.2,3,6,SNS,999,0
EC0882,58,4,32105,1539,4,6.5,1,0,0,24.9,5,3,SNS,72,0
EC0883,30,2,6743,6873,3,2.9,1,1,0,22.3,1,12,検索,999,1
EC0884,20,0,28689,17179,2,9.1,0,1,0,44.8,3,6,紹介,999,0
EC0885,1,1,11292,4896,6,52.5,0,2,0,11.9,5,3,SNS,71,1
EC0886,42,2,3000,5436,1,15.4,0,0,0,3.7,3,15,検索,84,0
EC0887,20,4,15659,4239,3,26.0,1,0,1,5.7,3,2,SNS,64,0
EC0888,27,1,7156,10872,2,7.0,1,0,0,19.5,4,12,検索,27,0
EC0889,15,0,13362,4727,4,42.3,1,1,0,17.7,4,6,広告,42,0
EC0890,90,3,69664,4477,2,50.4,1,0,1,2.4,1,4,広告,163,0
EC0891,1,1,16727,7749,3,58.8,2,0,0,14.5,3,35,検索,78,0
EC0892,24,5,4830,3857,2,14.0,3,0,0,50.9,2,4,直接アクセス,999,0
EC0893,30,2,35045,2585,2,16.5,0,0,1,9.5,3,5,検索,54,0
EC0894,31,6,19197,7639,3,44.2,1,0,0,44.4,1,24,広告,999,0
EC0895,1,0,4293,3656,3,39.2,4,0,0,26.8,6,1,紹介,999,0
EC0896,90,2,3000,3017,4,30.9,1,0,0,32.3,1,1,SNS,6,0
EC0897,90,1,5027,14045,4,65.6,0,0,1,19.2,3,3,直接アクセス,23,0
EC0898,13,2,30831,4494,2,42.0,1,0,0,41.5,4,10,紹介,999,0
EC0899,202,0,9881,6292,2,52.1,3,0,1,31.3,6,5,直接アクセス,999,1
EC0900,90,2,14488,4987,4,37.5,3,0,1,31.9,4,11,SNS,999,1
EC0901,102,2,3503,3155,2,37.1,1,0,0,7.1,3,2,SNS,999,1
EC0902,90,1,31672,6937,2,2.4,3,1,0,19.8,3,3,紹介,999,1
EC0903,30,3,3000,5751,8,20.5,2,1,0,5.0,3,9,直接アクセス,12,0
EC0904,8,1,6936,3534,3,29.5,1,1,2,10.2,1,2,直接アクセス,999,0
EC0905,36,0,20301,6103,3,23.8,0,0,0,34.8,8,6,紹介,999,0
EC0906,49,1,4347,3800,4,10.0,3,0,0,34.6,2,10,広告,22,0
EC0907,47,1,24689,2829,1,18.7,1,0,0,23.6,3,43,検索,27,1
EC0908,89,2,5601,2689,4,12.2,1,1,1,18.5,4,1,SNS,999,1
EC0909,5,3,3920,5625,4,18.4,1,2,2,33.6,2,7,検索,67,0
EC0910,12,5,48362,4058,4,34.5,2,0,2,14.3,4,6,検索,999,0
EC0911,30,1,15582,10413,3,24.3,1,0,0,26.3,1,20,検索,161,0
EC0912,13,2,22449,4810,3,20.0,1,0,0,45.7,3,27,検索,999,0
EC0913,30,3,36982,3318,2,25.6,2,0,0,42.3,3,28,検索,145,0
EC0914,8,3,3000,5318,2,66.5,0,1,0,14.7,4,5,直接アクセス,1,0
EC0915,1,3,25204,2573,2,14.7,2,0,0,39.5,2,4,SNS,132,0
EC0916,90,0,6241,4712,2,29.6,2,0,0,24.0,3,7,検索,999,0
EC0917,21,3,7120,5765,3,12.3,0,0,1,21.9,3,5,広告,11,0
EC0918,11,3,20690,5419,0,60.2,3,0,0,1.2,1,15,紹介,999,0
EC0919,4,2,9292,9427,4,8.0,0,0,0,11.4,1,2,SNS,999,0
EC0920,90,4,24210,18011,3,9.4,1,0,1,15.0,2,12,検索,999,0
EC0921,6,2,12825,6875,6,42.8,0,0,0,19.6,5,31,検索,92,0
EC0922,30,1,15807,8860,4,38.3,1,0,1,4.6,4,3,SNS,999,0
EC0923,29,0,8182,17531,1,50.3,1,0,0,33.2,4,13,検索,21,0
EC0924,162,2,4605,2971,4,29.5,0,1,0,4.2,1,1,広告,999,0
EC0925,7,0,6372,5246,6,16.8,1,0,1,60.9,2,1,紹介,269,1
EC0926,30,3,12054,3869,3,27.0,1,0,0,25.7,3,1,広告,999,0
EC0927,13,1,83888,7490,2,13.1,0,0,0,2.7,4,1,SNS,999,0
EC0928,90,0,58215,5629,1,9.1,0,2,0,16.3,3,2,検索,999,1
EC0929,30,2,6951,3264,4,37.8,0,1,0,39.7,2,9,SNS,208,0
EC0930,17,0,14189,4941,4,24.3,0,0,0,6.7,3,17,SNS,999,0
EC0931,11,1,10019,8295,3,36.1,1,1,0,54.1,4,1,広告,39,0
EC0932,38,1,15218,2560,2,20.7,0,0,0,16.4,1,24,直接アクセス,999,0
EC0933,16,2,17307,3298,4,19.5,1,1,0,50.0,2,22,検索,33,0
EC0934,90,1,22640,3060,6,53.0,1,1,0,9.5,4,15,直接アクセス,999,0
EC0935,8,0,3000,5786,3,49.9,0,1,0,16.0,2,6,直接アクセス,999,0
EC0936,8,1,19273,9138,2,11.9,2,0,0,32.6,2,1,検索,6,0
EC0937,90,0,8964,1799,5,31.0,1,0,1,22.5,3,15,検索,999,0
EC0938,12,2,6601,5152,1,21.3,0,1,0,6.5,3,25,SNS,999,0
EC0939,55,2,29562,3096,1,27.7,1,0,0,20.9,4,4,広告,999,0
EC0940,4,1,57920,8125,1,38.4,1,0,0,36.4,8,15,検索,234,0
EC0941,4,2,26608,4365,1,31.7,3,0,0,35.1,2,1,検索,999,0
EC0942,30,3,7954,5246,2,36.1,2,1,1,17.9,6,14,直接アクセス,999,0
EC0943,30,1,4555,4911,3,27.8,3,0,0,22.4,3,1,検索,115,0
EC0944,82,2,3000,8622,1,37.9,2,0,0,22.5,3,10,SNS,999,0
EC0945,33,3,16034,13688,1,28.2,2,0,1,28.1,2,10,広告,1,1
EC0946,7,2,23837,2786,2,25.8,0,0,0,39.5,4,4,紹介,40,0
EC0947,34,3,12065,3052,3,22.9,0,0,0,33.4,1,1,SNS,8,0
EC0948,90,2,33987,5771,5,45.4,4,1,0,13.1,5,35,検索,999,0
EC0949,1,2,3568,3267,4,63.1,0,0,0,25.7,5,9,広告,1,0
EC0950,1,1,11257,7838,3,8.7,0,1,0,3.5,3,10,広告,999,0
EC0951,30,6,10401,8493,1,10.1,0,0,0,36.5,2,11,直接アクセス,999,0
EC0952,1,2,11966,3739,2,45.3,0,0,0,47.9,1,26,検索,16,0
EC0953,136,2,42956,3355,0,46.7,5,0,0,40.3,2,1,広告,999,1
EC0954,90,1,12029,4283,2,31.4,1,0,0,5.5,1,26,SNS,999,1
EC0955,1,1,9948,5177,2,16.9,1,1,0,37.0,2,3,直接アクセス,4,0
EC0956,90,1,5235,5752,5,50.1,2,1,0,36.1,3,1,SNS,999,1
EC0957,30,2,50442,1593,3,11.0,0,0,0,17.9,7,12,SNS,999,0
EC0958,90,5,3193,3029,2,43.4,1,0,0,13.7,4,45,検索,999,1
EC0959,10,2,7684,4015,4,16.8,0,1,0,16.3,2,1,SNS,999,0
EC0960,174,1,72688,3299,5,17.8,0,0,2,21.3,7,6,SNS,999,1
EC0961,30,1,21337,1500,3,48.6,1,1,0,11.2,3,9,検索,999,0
EC0962,1,2,13092,1911,2,69.5,2,1,1,28.6,3,3,SNS,999,0
EC0963,31,3,13652,2558,0,22.4,0,1,0,30.3,2,48,SNS,18,0
EC0964,60,1,5185,4639,3,6.4,2,4,0,21.8,2,12,紹介,999,1
EC0965,28,2,12474,3951,1,39.9,0,1,0,4.0,2,22,検索,15,0
EC0966,5,5,9415,3583,6,18.4,0,0,1,27.9,6,6,広告,8,0
EC0967,37,1,15988,7319,4,37.9,1,1,0,45.5,1,5,広告,999,1
EC0968,115,2,3000,7317,3,21.9,0,0,0,17.6,2,9,検索,999,0
EC0969,1,4,19887,5297,7,10.3,0,0,0,71.8,4,6,検索,4,0
EC0970,57,4,36924,5218,4,9.5,2,0,0,15.6,3,15,紹介,999,0
EC0971,3,3,10896,3202,3,15.6,0,0,0,9.8,4,3,検索,22,0
EC0972,51,2,25516,3399,1,29.9,0,0,0,43.1,5,7,検索,999,0
EC0973,11,2,18221,2092,2,47.4,1,0,0,4.1,2,27,SNS,999,0
EC0974,5,1,7275,4335,1,20.7,1,0,0,10.6,2,16,SNS,999,0
EC0975,30,1,4635,7279,4,30.5,0,0,0,2.0,2,2,SNS,999,0
EC0976,100,1,5332,9673,2,14.9,1,0,0,28.6,8,26,直接アクセス,999,0
EC0977,45,3,17906,4348,1,68.8,2,1,0,24.4,1,10,紹介,999,0
EC0978,90,4,12630,6284,2,8.6,2,0,0,25.3,2,13,紹介,999,0
EC0979,30,0,47814,1500,1,42.4,0,0,1,6.0,1,4,SNS,13,0
EC0980,30,3,29462,3958,3,17.8,4,0,1,23.1,4,6,直接アクセス,999,0
EC0981,18,3,29401,3912,1,15.2,3,0,0,10.5,2,19,広告,48,0
EC0982,32,2,17380,10358,3,31.1,0,0,0,52.7,1,4,紹介,999,0
EC0983,7,3,5104,5981,3,50.7,1,0,0,12.5,4,2,SNS,999,0
EC0984,75,5,18496,6292,1,40.3,1,0,0,50.4,6,5,検索,999,0
EC0985,22,3,14240,6131,2,8.6,0,1,0,67.2,2,1,紹介,23,0
EC0986,45,1,4279,5027,3,38.4,4,0,0,45.0,4,15,SNS,19,0
EC0987,90,2,44799,10574,6,25.4,2,1,0,37.7,5,1,直接アクセス,999,0
EC0988,17,0,40226,1552,3,25.6,0,0,0,11.9,1,4,検索,999,0
EC0989,13,2,4255,5287,5,39.2,1,0,0,21.7,2,25,直接アクセス,1,0
EC0990,30,3,7060,8646,1,60.7,0,0,0,41.9,2,9,検索,53,0
EC0991,29,4,7708,1908,2,34.1,1,1,0,10.5,2,4,SNS,999,0
EC0992,30,0,24584,7472,3,40.3,0,0,1,13.9,2,9,広告,11,0
EC0993,128,1,21910,3359,3,63.6,2,1,1,5.5,1,2,広告,999,1
EC0994,30,1,13966,5192,1,29.1,1,0,0,47.4,5,1,広告,999,1
EC0995,9,1,17568,3326,3,23.5,1,1,0,10.5,6,11,SNS,147,0
EC0996,4,0,3686,7939,3,52.2,0,0,0,27.9,2,15,検索,106,0
EC0997,40,1,19562,4254,1,49.9,3,0,0,28.0,2,25,SNS,999,0
EC0998,2,2,12077,7501,3,40.0,1,1,0,54.3,4,17,SNS,8,0
EC0999,52,3,6774,6109,2,47.5,0,0,0,8.6,7,31,広告,65,0
EC1000,163,4,3000,3304,4,32.0,2,0,0,10.1,1,51,検索,999,0
