日付,SKU,カテゴリ,単価,割引率,広告費,プロモーション,曜日,月,前週平均販売数量,前月平均販売数量
2026-03-01,SKU001,食品,17389,0,0,0,Sunday,3,53.0,47.8
2026-03-02,SKU001,食品,17389,0,0,0,Monday,3,49.6,48.5
2026-03-03,SKU001,食品,17389,0,0,0,Tuesday,3,51.3,48.1
2026-03-04,SKU001,食品,17389,0,0,0,Wednesday,3,51.9,47.8
2026-03-05,SKU001,食品,17389,0,349,0,Thursday,3,51.1,46.8
2026-03-06,SKU001,食品,17389,0,4110,0,Friday,3,48.4,46.8
2026-03-07,SKU001,食品,17389,30,219,0,Saturday,3,42.6,45.7
2026-03-08,SKU001,食品,17389,0,1581,0,Sunday,3,45.7,47.0
2026-03-09,SKU001,食品,17389,0,0,1,Monday,3,45.6,47.8
2026-03-10,SKU001,食品,17389,0,0,0,Tuesday,3,48.4,48.3
2026-03-11,SKU001,食品,17389,0,0,0,Wednesday,3,46.9,48.0
2026-03-12,SKU001,食品,17389,10,12295,0,Thursday,3,46.7,46.9
2026-03-13,SKU001,食品,17389,0,0,0,Friday,3,48.1,47.2
2026-03-14,SKU001,食品,17389,0,230,0,Saturday,3,49.4,46.4
2026-03-15,SKU001,食品,17389,0,0,0,Sunday,3,46.3,46.9
2026-03-16,SKU001,食品,17389,20,0,0,Monday,3,45.6,47.1
2026-03-17,SKU001,食品,17389,5,0,1,Tuesday,3,43.0,47.3
2026-03-18,SKU001,食品,17389,0,0,0,Wednesday,3,48.1,48.0
2026-03-19,SKU001,食品,17389,0,2242,0,Thursday,3,50.0,48.2
2026-03-20,SKU001,食品,17389,20,557,0,Friday,3,50.6,48.7
2026-03-21,SKU001,食品,17389,0,562,1,Saturday,3,51.0,49.1
2026-03-22,SKU001,食品,17389,5,0,0,Sunday,3,54.3,50.3
2026-03-23,SKU001,食品,17389,0,0,0,Monday,3,54.6,50.4
2026-03-24,SKU001,食品,17389,0,0,0,Tuesday,3,54.9,49.9
2026-03-25,SKU001,食品,17389,0,0,0,Wednesday,3,50.0,48.3
2026-03-26,SKU001,食品,17389,0,0,0,Thursday,3,48.3,48.4
2026-03-27,SKU001,食品,17389,0,0,0,Friday,3,48.3,48.7
2026-03-28,SKU001,食品,17389,0,0,1,Saturday,3,49.3,49.1
2026-03-29,SKU001,食品,17389,15,0,0,Sunday,3,51.1,50.2
2026-03-30,SKU001,食品,17389,0,0,0,Monday,3,53.3,50.1
2026-03-31,SKU001,食品,17389,0,0,0,Tuesday,3,51.3,49.5
2026-03-01,SKU002,アパレル,6459,10,1329,0,Sunday,3,18.7,17.6
2026-03-02,SKU002,アパレル,6459,0,938,0,Monday,3,18.9,17.7
2026-03-03,SKU002,アパレル,6459,0,0,0,Tuesday,3,19.6,17.7
2026-03-04,SKU002,アパレル,6459,0,0,0,Wednesday,3,19.4,17.5
2026-03-05,SKU002,アパレル,6459,30,323,0,Thursday,3,19.3,17.6
2026-03-06,SKU002,アパレル,6459,0,0,0,Friday,3,19.4,17.8
2026-03-07,SKU002,アパレル,6459,0,265,0,Saturday,3,19.3,17.8
2026-03-08,SKU002,アパレル,6459,10,0,0,Sunday,3,20.0,18.2
2026-03-09,SKU002,アパレル,6459,10,71,0,Monday,3,20.3,18.6
2026-03-10,SKU002,アパレル,6459,0,0,0,Tuesday,3,20.0,18.6
2026-03-11,SKU002,アパレル,6459,0,1485,0,Wednesday,3,20.4,18.7
2026-03-12,SKU002,アパレル,6459,0,0,0,Thursday,3,19.4,18.6
2026-03-13,SKU002,アパレル,6459,0,2508,0,Friday,3,18.9,18.8
2026-03-14,SKU002,アパレル,6459,0,3360,0,Saturday,3,19.4,18.9
2026-03-15,SKU002,アパレル,6459,0,0,0,Sunday,3,18.7,19.1
2026-03-16,SKU002,アパレル,6459,0,0,0,Monday,3,18.3,19.2
2026-03-17,SKU002,アパレル,6459,0,0,0,Tuesday,3,18.7,19.2
2026-03-18,SKU002,アパレル,6459,0,365,1,Wednesday,3,18.7,18.9
2026-03-19,SKU002,アパレル,6459,0,610,0,Thursday,3,21.3,19.3
2026-03-20,SKU002,アパレル,6459,0,338,0,Friday,3,21.4,19.5
2026-03-21,SKU002,アパレル,6459,0,0,0,Saturday,3,21.0,19.4
2026-03-22,SKU002,アパレル,6459,0,0,0,Sunday,3,21.9,19.7
2026-03-23,SKU002,アパレル,6459,5,0,0,Monday,3,21.7,19.8
2026-03-24,SKU002,アパレル,6459,0,0,0,Tuesday,3,21.3,19.8
2026-03-25,SKU002,アパレル,6459,0,272,0,Wednesday,3,21.6,19.7
2026-03-26,SKU002,アパレル,6459,0,2512,0,Thursday,3,19.4,19.8
2026-03-27,SKU002,アパレル,6459,0,1437,1,Friday,3,19.0,19.8
2026-03-28,SKU002,アパレル,6459,0,0,0,Saturday,3,20.7,20.0
2026-03-29,SKU002,アパレル,6459,0,0,0,Sunday,3,20.1,20.0
2026-03-30,SKU002,アパレル,6459,30,0,0,Monday,3,20.9,20.4
2026-03-31,SKU002,アパレル,6459,10,159,0,Tuesday,3,21.4,20.4
2026-03-01,SKU003,食品,2831,0,952,0,Sunday,3,54.0,56.8
2026-03-02,SKU003,食品,2831,0,13237,0,Monday,3,52.4,57.2
2026-03-03,SKU003,食品,2831,0,0,0,Tuesday,3,54.7,57.1
2026-03-04,SKU003,食品,2831,5,1160,0,Wednesday,3,53.1,56.1
2026-03-05,SKU003,食品,2831,15,0,0,Thursday,3,54.4,56.9
2026-03-06,SKU003,食品,2831,30,2391,0,Friday,3,57.3,56.4
2026-03-07,SKU003,食品,2831,0,131,0,Saturday,3,59.3,57.2
2026-03-08,SKU003,食品,2831,0,0,0,Sunday,3,60.0,57.7
2026-03-09,SKU003,食品,2831,0,377,0,Monday,3,60.6,57.6
2026-03-10,SKU003,食品,2831,0,0,0,Tuesday,3,61.1,57.6
2026-03-11,SKU003,食品,2831,0,0,0,Wednesday,3,58.9,56.7
2026-03-12,SKU003,食品,2831,0,0,1,Thursday,3,59.6,57.1
2026-03-13,SKU003,食品,2831,0,0,0,Friday,3,63.0,57.6
2026-03-14,SKU003,食品,2831,0,1064,1,Saturday,3,62.4,58.1
2026-03-15,SKU003,食品,2831,0,0,0,Sunday,3,68.1,60.1
2026-03-16,SKU003,食品,2831,0,0,0,Monday,3,70.0,60.7
2026-03-17,SKU003,食品,2831,20,0,0,Tuesday,3,70.0,60.7
2026-03-18,SKU003,食品,2831,0,0,1,Wednesday,3,72.7,60.4
2026-03-19,SKU003,食品,2831,10,0,0,Thursday,3,75.4,61.7
2026-03-20,SKU003,食品,2831,5,495,0,Friday,3,70.0,61.6
2026-03-21,SKU003,食品,2831,0,0,0,Saturday,3,68.1,61.7
2026-03-22,SKU003,食品,2831,0,1783,0,Sunday,3,64.9,62.8
2026-03-23,SKU003,食品,2831,0,0,0,Monday,3,63.4,62.1
2026-03-24,SKU003,食品,2831,0,924,0,Tuesday,3,62.6,61.5
2026-03-25,SKU003,食品,2831,0,2597,1,Wednesday,3,59.9,60.7
2026-03-26,SKU003,食品,2831,0,0,1,Thursday,3,58.4,61.8
2026-03-27,SKU003,食品,2831,0,0,0,Friday,3,64.7,62.5
2026-03-28,SKU003,食品,2831,15,0,0,Saturday,3,65.1,62.6
2026-03-29,SKU003,食品,2831,0,0,0,Sunday,3,64.3,63.8
2026-03-30,SKU003,食品,2831,0,0,0,Monday,3,64.6,64.2
2026-03-31,SKU003,食品,2831,0,0,0,Tuesday,3,63.4,63.7
2026-03-01,SKU004,食品,2399,0,386,0,Sunday,3,17.0,15.9
2026-03-02,SKU004,食品,2399,0,0,1,Monday,3,16.9,16.3
2026-03-03,SKU004,食品,2399,0,1049,0,Tuesday,3,17.3,16.4
2026-03-04,SKU004,食品,2399,0,2871,0,Wednesday,3,16.7,16.1
2026-03-05,SKU004,食品,2399,0,167,0,Thursday,3,17.0,16.1
2026-03-06,SKU004,食品,2399,0,0,0,Friday,3,17.0,16.0
2026-03-07,SKU004,食品,2399,0,0,0,Saturday,3,16.4,15.9
2026-03-08,SKU004,食品,2399,0,0,0,Sunday,3,17.3,16.4
2026-03-09,SKU004,食品,2399,0,344,0,Monday,3,17.0,16.5
2026-03-10,SKU004,食品,2399,0,0,0,Tuesday,3,15.7,16.3
2026-03-11,SKU004,食品,2399,0,0,0,Wednesday,3,16.3,16.3
2026-03-12,SKU004,食品,2399,0,432,0,Thursday,3,16.3,16.4
2026-03-13,SKU004,食品,2399,0,0,1,Friday,3,16.9,16.6
2026-03-14,SKU004,食品,2399,0,124,0,Saturday,3,17.4,16.8
2026-03-15,SKU004,食品,2399,15,0,0,Sunday,3,16.7,16.9
2026-03-16,SKU004,食品,2399,15,0,0,Monday,3,17.4,17.0
2026-03-17,SKU004,食品,2399,0,0,0,Tuesday,3,17.9,17.1
2026-03-18,SKU004,食品,2399,0,977,0,Wednesday,3,17.1,16.5
2026-03-19,SKU004,食品,2399,0,602,1,Thursday,3,16.7,16.3
2026-03-20,SKU004,食品,2399,0,147,0,Friday,3,17.6,16.6
2026-03-21,SKU004,食品,2399,0,0,0,Saturday,3,16.9,16.7
2026-03-22,SKU004,食品,2399,0,0,0,Sunday,3,16.9,16.9
2026-03-23,SKU004,食品,2399,0,1814,0,Monday,3,16.6,17.1
2026-03-24,SKU004,食品,2399,20,875,0,Tuesday,3,16.4,17.0
2026-03-25,SKU004,食品,2399,0,996,0,Wednesday,3,17.4,17.0
2026-03-26,SKU004,食品,2399,0,0,0,Thursday,3,17.4,16.8
2026-03-27,SKU004,食品,2399,0,0,0,Friday,3,16.1,16.7
2026-03-28,SKU004,食品,2399,0,268,0,Saturday,3,16.1,16.7
2026-03-29,SKU004,食品,2399,10,684,1,Sunday,3,16.6,16.9
2026-03-30,SKU004,食品,2399,0,1644,0,Monday,3,18.3,17.4
2026-03-31,SKU004,食品,2399,0,0,0,Tuesday,3,18.4,17.4
2026-03-01,SKU005,コスメ,5248,0,320,0,Sunday,3,23.4,24.1
2026-03-02,SKU005,コスメ,5248,0,0,0,Monday,3,25.1,24.6
2026-03-03,SKU005,コスメ,5248,15,0,0,Tuesday,3,24.1,24.4
2026-03-04,SKU005,コスメ,5248,0,680,0,Wednesday,3,24.3,24.3
2026-03-05,SKU005,コスメ,5248,10,0,0,Thursday,3,25.6,23.8
2026-03-06,SKU005,コスメ,5248,0,0,0,Friday,3,26.4,24.0
2026-03-07,SKU005,コスメ,5248,10,1947,1,Saturday,3,26.3,24.1
2026-03-08,SKU005,コスメ,5248,0,0,0,Sunday,3,27.7,24.9
2026-03-09,SKU005,コスメ,5248,0,1337,0,Monday,3,27.6,25.2
2026-03-10,SKU005,コスメ,5248,0,3457,0,Tuesday,3,28.6,25.2
2026-03-11,SKU005,コスメ,5248,0,0,0,Wednesday,3,27.7,24.8
2026-03-12,SKU005,コスメ,5248,0,4847,0,Thursday,3,27.6,25.0
2026-03-13,SKU005,コスメ,5248,0,0,0,Friday,3,26.7,24.9
2026-03-14,SKU005,コスメ,5248,0,0,0,Saturday,3,26.1,24.5
2026-03-15,SKU005,コスメ,5248,15,0,1,Sunday,3,24.4,25.0
2026-03-16,SKU005,コスメ,5248,0,0,0,Monday,3,27.0,26.0
2026-03-17,SKU005,コスメ,5248,0,0,0,Tuesday,3,26.7,25.8
2026-03-18,SKU005,コスメ,5248,0,232,1,Wednesday,3,27.7,25.5
2026-03-19,SKU005,コスメ,5248,0,0,1,Thursday,3,28.7,25.8
2026-03-20,SKU005,コスメ,5248,5,328,0,Friday,3,30.7,26.1
2026-03-21,SKU005,コスメ,5248,0,0,0,Saturday,3,30.9,26.2
2026-03-22,SKU005,コスメ,5248,0,125,0,Sunday,3,30.9,26.4
2026-03-23,SKU005,コスメ,5248,0,0,1,Monday,3,27.9,26.7
2026-03-24,SKU005,コスメ,5248,10,0,0,Tuesday,3,29.3,27.0
2026-03-25,SKU005,コスメ,5248,0,0,0,Wednesday,3,29.9,27.2
2026-03-26,SKU005,コスメ,5248,5,0,0,Thursday,3,28.3,27.0
2026-03-27,SKU005,コスメ,5248,0,1640,0,Friday,3,27.1,27.0
2026-03-28,SKU005,コスメ,5248,0,0,1,Saturday,3,26.9,27.1
2026-03-29,SKU005,コスメ,5248,0,2380,0,Sunday,3,28.1,27.9
2026-03-30,SKU005,コスメ,5248,0,0,0,Monday,3,27.9,28.0
2026-03-31,SKU005,コスメ,5248,0,0,1,Tuesday,3,26.1,27.6
2026-03-01,SKU006,家電,4744,0,0,0,Sunday,3,38.4,36.1
2026-03-02,SKU006,家電,4744,0,0,0,Monday,3,36.4,36.7
2026-03-03,SKU006,家電,4744,15,244,0,Tuesday,3,36.0,36.3
2026-03-04,SKU006,家電,4744,0,0,1,Wednesday,3,37.6,36.8
2026-03-05,SKU006,家電,4744,15,0,0,Thursday,3,36.9,36.7
2026-03-06,SKU006,家電,4744,0,1065,1,Friday,3,38.4,36.8
2026-03-07,SKU006,家電,4744,0,3367,0,Saturday,3,42.9,37.7
2026-03-08,SKU006,家電,4744,0,2900,0,Sunday,3,44.7,38.2
2026-03-09,SKU006,家電,4744,0,1361,0,Monday,3,46.0,38.6
2026-03-10,SKU006,家電,4744,0,0,0,Tuesday,3,46.6,38.4
2026-03-11,SKU006,家電,4744,0,0,0,Wednesday,3,46.0,38.7
2026-03-12,SKU006,家電,4744,0,3680,0,Thursday,3,44.1,38.9
2026-03-13,SKU006,家電,4744,10,0,1,Friday,3,42.1,39.0
2026-03-14,SKU006,家電,4744,5,0,0,Saturday,3,41.6,39.8
2026-03-15,SKU006,家電,4744,0,0,0,Sunday,3,42.6,39.8
2026-03-16,SKU006,家電,4744,0,369,1,Monday,3,41.6,40.3
2026-03-17,SKU006,家電,4744,30,0,1,Tuesday,3,44.4,40.6
2026-03-18,SKU006,家電,4744,15,4366,1,Wednesday,3,47.9,41.4
2026-03-19,SKU006,家電,4744,0,531,0,Thursday,3,50.7,42.3
2026-03-20,SKU006,家電,4744,5,0,1,Friday,3,52.1,42.4
2026-03-21,SKU006,家電,4744,0,313,0,Saturday,3,51.0,42.7
2026-03-22,SKU006,家電,4744,0,0,0,Sunday,3,49.3,43.1
2026-03-23,SKU006,家電,4744,0,0,0,Monday,3,49.4,43.8
2026-03-24,SKU006,家電,4744,0,0,1,Tuesday,3,46.7,43.4
2026-03-25,SKU006,家電,4744,0,0,0,Wednesday,3,44.7,43.2
2026-03-26,SKU006,家電,4744,0,0,0,Thursday,3,40.1,43.0
2026-03-27,SKU006,家電,4744,15,0,0,Friday,3,39.4,43.1
2026-03-28,SKU006,家電,4744,0,0,0,Saturday,3,37.7,42.5
2026-03-29,SKU006,家電,4744,0,1189,0,Sunday,3,39.4,43.1
2026-03-30,SKU006,家電,4744,0,3322,1,Monday,3,39.9,43.8
2026-03-31,SKU006,家電,4744,0,0,1,Tuesday,3,42.4,44.4
2026-03-01,SKU007,家電,2631,0,728,0,Sunday,3,26.1,27.6
2026-03-02,SKU007,家電,2631,0,0,0,Monday,3,25.9,27.7
2026-03-03,SKU007,家電,2631,0,0,0,Tuesday,3,25.6,27.6
2026-03-04,SKU007,家電,2631,0,0,0,Wednesday,3,25.6,27.4
2026-03-05,SKU007,家電,2631,0,0,0,Thursday,3,25.9,27.3
2026-03-06,SKU007,家電,2631,30,709,1,Friday,3,25.7,27.2
2026-03-07,SKU007,家電,2631,0,0,0,Saturday,3,30.1,27.9
2026-03-08,SKU007,家電,2631,0,514,0,Sunday,3,29.1,27.9
2026-03-09,SKU007,家電,2631,20,0,0,Monday,3,29.3,28.1
2026-03-10,SKU007,家電,2631,0,0,0,Tuesday,3,30.1,27.7
2026-03-11,SKU007,家電,2631,5,0,0,Wednesday,3,30.6,27.2
2026-03-12,SKU007,家電,2631,0,0,0,Thursday,3,30.7,27.2
2026-03-13,SKU007,家電,2631,0,0,0,Friday,3,30.9,27.3
2026-03-14,SKU007,家電,2631,0,0,0,Saturday,3,27.9,27.3
2026-03-15,SKU007,家電,2631,0,0,0,Sunday,3,28.6,27.7
2026-03-16,SKU007,家電,2631,0,0,0,Monday,3,28.6,28.0
2026-03-17,SKU007,家電,2631,0,1080,0,Tuesday,3,28.4,28.1
2026-03-18,SKU007,家電,2631,0,0,0,Wednesday,3,28.7,28.3
2026-03-19,SKU007,家電,2631,0,0,0,Thursday,3,28.4,28.4
2026-03-20,SKU007,家電,2631,10,0,0,Friday,3,28.3,28.4
2026-03-21,SKU007,家電,2631,0,0,0,Saturday,3,28.0,28.0
2026-03-22,SKU007,家電,2631,0,376,0,Sunday,3,29.0,28.4
2026-03-23,SKU007,家電,2631,0,913,0,Monday,3,29.0,28.4
2026-03-24,SKU007,家電,2631,0,690,0,Tuesday,3,28.4,28.2
2026-03-25,SKU007,家電,2631,0,0,0,Wednesday,3,27.6,27.9
2026-03-26,SKU007,家電,2631,0,0,0,Thursday,3,27.9,27.8
2026-03-27,SKU007,家電,2631,0,108,0,Friday,3,27.9,27.9
2026-03-28,SKU007,家電,2631,10,0,0,Saturday,3,27.3,27.9
2026-03-29,SKU007,家電,2631,0,743,0,Sunday,3,26.7,28.2
2026-03-30,SKU007,家電,2631,0,813,0,Monday,3,26.7,28.6
2026-03-31,SKU007,家電,2631,0,0,0,Tuesday,3,27.4,28.5
2026-03-01,SKU008,コスメ,5039,0,4616,0,Sunday,3,44.4,41.4
2026-03-02,SKU008,コスメ,5039,0,0,0,Monday,3,41.0,41.9
2026-03-03,SKU008,コスメ,5039,0,0,1,Tuesday,3,40.0,41.9
2026-03-04,SKU008,コスメ,5039,0,1020,1,Wednesday,3,44.7,43.0
2026-03-05,SKU008,コスメ,5039,0,0,0,Thursday,3,48.0,43.9
2026-03-06,SKU008,コスメ,5039,5,0,0,Friday,3,47.0,44.4
2026-03-07,SKU008,コスメ,5039,5,1362,0,Saturday,3,46.6,44.5
2026-03-08,SKU008,コスメ,5039,0,0,0,Sunday,3,48.9,45.3
2026-03-09,SKU008,コスメ,5039,0,0,0,Monday,3,48.7,45.7
2026-03-10,SKU008,コスメ,5039,10,0,0,Tuesday,3,51.1,45.4
2026-03-11,SKU008,コスメ,5039,0,0,0,Wednesday,3,47.1,45.0
2026-03-12,SKU008,コスメ,5039,0,0,0,Thursday,3,44.9,45.3
2026-03-13,SKU008,コスメ,5039,0,0,0,Friday,3,42.9,45.4
2026-03-14,SKU008,コスメ,5039,0,1459,0,Saturday,3,42.3,45.4
2026-03-15,SKU008,コスメ,5039,15,2657,0,Sunday,3,42.0,45.2
2026-03-16,SKU008,コスメ,5039,0,83,0,Monday,3,43.6,45.9
2026-03-17,SKU008,コスメ,5039,0,6783,0,Tuesday,3,41.1,44.9
2026-03-18,SKU008,コスメ,5039,5,24,0,Wednesday,3,40.0,43.6
2026-03-19,SKU008,コスメ,5039,0,8164,0,Thursday,3,38.4,43.6
2026-03-20,SKU008,コスメ,5039,0,2424,0,Friday,3,39.6,43.7
2026-03-21,SKU008,コスメ,5039,10,0,0,Saturday,3,39.4,43.8
2026-03-22,SKU008,コスメ,5039,0,0,1,Sunday,3,39.7,44.3
2026-03-23,SKU008,コスメ,5039,0,0,0,Monday,3,42.3,45.5
2026-03-24,SKU008,コスメ,5039,0,0,0,Tuesday,3,42.6,44.5
2026-03-25,SKU008,コスメ,5039,0,0,0,Wednesday,3,44.1,43.6
2026-03-26,SKU008,コスメ,5039,5,4942,1,Thursday,3,45.4,43.5
2026-03-27,SKU008,コスメ,5039,0,0,0,Friday,3,47.9,44.4
2026-03-28,SKU008,コスメ,5039,30,0,0,Saturday,3,47.9,44.3
2026-03-29,SKU008,コスメ,5039,0,33606,0,Sunday,3,48.6,44.5
2026-03-30,SKU008,コスメ,5039,0,0,0,Monday,3,44.9,44.5
2026-03-31,SKU008,コスメ,5039,0,0,1,Tuesday,3,44.6,44.5
2026-03-01,SKU009,食品,3363,10,0,1,Sunday,3,13.7,15.5
2026-03-02,SKU009,食品,3363,10,0,1,Monday,3,16.3,16.2
2026-03-03,SKU009,食品,3363,0,0,0,Tuesday,3,18.3,16.6
2026-03-04,SKU009,食品,3363,0,373,0,Wednesday,3,18.3,16.5
2026-03-05,SKU009,食品,3363,0,0,0,Thursday,3,18.9,16.6
2026-03-06,SKU009,食品,3363,0,1647,0,Friday,3,18.9,16.3
2026-03-07,SKU009,食品,3363,0,0,0,Saturday,3,19.7,16.4
2026-03-08,SKU009,食品,3363,0,3983,0,Sunday,3,18.9,16.6
2026-03-09,SKU009,食品,3363,20,0,0,Monday,3,16.6,16.8
2026-03-10,SKU009,食品,3363,0,0,1,Tuesday,3,14.9,16.1
2026-03-11,SKU009,食品,3363,0,0,0,Wednesday,3,15.9,16.3
2026-03-12,SKU009,食品,3363,0,0,0,Thursday,3,15.7,16.2
2026-03-13,SKU009,食品,3363,0,0,1,Friday,3,16.1,16.5
2026-03-14,SKU009,食品,3363,0,635,0,Saturday,3,17.0,16.5
2026-03-15,SKU009,食品,3363,0,0,1,Sunday,3,17.0,16.6
2026-03-16,SKU009,食品,3363,0,746,0,Monday,3,18.0,16.8
2026-03-17,SKU009,食品,3363,0,866,0,Tuesday,3,18.1,16.8
2026-03-18,SKU009,食品,3363,0,0,0,Wednesday,3,17.0,16.4
2026-03-19,SKU009,食品,3363,0,0,0,Thursday,3,17.3,16.2
2026-03-20,SKU009,食品,3363,0,0,0,Friday,3,17.0,16.2
2026-03-21,SKU009,食品,3363,10,0,0,Saturday,3,16.1,16.2
2026-03-22,SKU009,食品,3363,0,6794,0,Sunday,3,16.6,16.6
2026-03-23,SKU009,食品,3363,0,0,0,Monday,3,15.4,16.6
2026-03-24,SKU009,食品,3363,0,0,0,Tuesday,3,15.7,16.5
2026-03-25,SKU009,食品,3363,0,0,1,Wednesday,3,16.3,16.6
2026-03-26,SKU009,食品,3363,0,0,0,Thursday,3,17.1,16.9
2026-03-27,SKU009,食品,3363,0,2148,0,Friday,3,17.0,16.9
2026-03-28,SKU009,食品,3363,0,0,0,Saturday,3,17.0,17.0
2026-03-29,SKU009,食品,3363,0,0,0,Sunday,3,16.1,17.1
2026-03-30,SKU009,食品,3363,0,2610,0,Monday,3,16.9,17.5
2026-03-31,SKU009,食品,3363,0,2256,0,Tuesday,3,16.3,17.1
2026-03-01,SKU010,雑貨,3977,0,1070,0,Sunday,3,45.0,44.0
2026-03-02,SKU010,雑貨,3977,0,12351,1,Monday,3,45.0,44.4
2026-03-03,SKU010,雑貨,3977,10,0,0,Tuesday,3,49.0,45.1
2026-03-04,SKU010,雑貨,3977,15,3443,0,Wednesday,3,49.1,44.9
2026-03-05,SKU010,雑貨,3977,0,0,0,Thursday,3,51.3,44.4
2026-03-06,SKU010,雑貨,3977,0,0,0,Friday,3,48.9,44.4
2026-03-07,SKU010,雑貨,3977,15,0,0,Saturday,3,49.7,44.2
2026-03-08,SKU010,雑貨,3977,10,111,0,Sunday,3,51.7,44.9
2026-03-09,SKU010,雑貨,3977,0,0,0,Monday,3,54.0,45.9
2026-03-10,SKU010,雑貨,3977,15,0,0,Tuesday,3,50.3,45.7
2026-03-11,SKU010,雑貨,3977,0,986,0,Wednesday,3,50.1,45.6
2026-03-12,SKU010,雑貨,3977,15,0,0,Thursday,3,49.3,45.6
2026-03-13,SKU010,雑貨,3977,5,463,1,Friday,3,50.6,46.2
2026-03-14,SKU010,雑貨,3977,0,0,0,Saturday,3,52.6,46.7
2026-03-15,SKU010,雑貨,3977,10,2453,0,Sunday,3,52.1,46.9
2026-03-16,SKU010,雑貨,3977,15,0,1,Monday,3,50.4,47.7
2026-03-17,SKU010,雑貨,3977,0,743,0,Tuesday,3,55.0,48.3
2026-03-18,SKU010,雑貨,3977,0,0,0,Wednesday,3,54.3,48.3
2026-03-19,SKU010,雑貨,3977,0,0,0,Thursday,3,55.1,48.8
2026-03-20,SKU010,雑貨,3977,0,0,0,Friday,3,53.7,48.9
2026-03-21,SKU010,雑貨,3977,0,177,1,Saturday,3,51.6,49.4
2026-03-22,SKU010,雑貨,3977,0,190,0,Sunday,3,54.3,50.5
2026-03-23,SKU010,雑貨,3977,20,0,1,Monday,3,54.4,50.7
2026-03-24,SKU010,雑貨,3977,5,913,0,Tuesday,3,55.0,51.7
2026-03-25,SKU010,雑貨,3977,0,0,0,Wednesday,3,56.1,51.7
2026-03-26,SKU010,雑貨,3977,20,2993,1,Thursday,3,55.6,51.9
2026-03-27,SKU010,雑貨,3977,0,0,0,Friday,3,61.0,53.1
2026-03-28,SKU010,雑貨,3977,0,11353,0,Saturday,3,60.3,53.5
2026-03-29,SKU010,雑貨,3977,0,5269,0,Sunday,3,56.4,53.1
2026-03-30,SKU010,雑貨,3977,0,0,1,Monday,3,55.9,53.2
2026-03-31,SKU010,雑貨,3977,10,0,0,Tuesday,3,53.4,53.7
2026-03-01,SKU011,アパレル,4457,0,0,0,Sunday,3,19.7,19.5
2026-03-02,SKU011,アパレル,4457,0,0,0,Monday,3,19.9,19.9
2026-03-03,SKU011,アパレル,4457,0,0,1,Tuesday,3,21.1,20.0
2026-03-04,SKU011,アパレル,4457,0,0,0,Wednesday,3,22.4,20.2
2026-03-05,SKU011,アパレル,4457,0,1439,0,Thursday,3,23.3,20.3
2026-03-06,SKU011,アパレル,4457,0,0,0,Friday,3,24.1,20.5
2026-03-07,SKU011,アパレル,4457,0,599,0,Saturday,3,24.7,20.6
2026-03-08,SKU011,アパレル,4457,15,6238,0,Sunday,3,25.0,20.9
2026-03-09,SKU011,アパレル,4457,0,7899,1,Monday,3,25.1,21.4
2026-03-10,SKU011,アパレル,4457,0,2005,0,Tuesday,3,24.9,21.5
2026-03-11,SKU011,アパレル,4457,0,0,0,Wednesday,3,23.9,21.0
2026-03-12,SKU011,アパレル,4457,0,0,1,Thursday,3,23.4,21.1
2026-03-13,SKU011,アパレル,4457,0,0,1,Friday,3,24.0,21.5
2026-03-14,SKU011,アパレル,4457,0,0,1,Saturday,3,24.9,21.7
2026-03-15,SKU011,アパレル,4457,0,502,0,Sunday,3,27.6,22.6
2026-03-16,SKU011,アパレル,4457,0,0,0,Monday,3,27.9,22.7
2026-03-17,SKU011,アパレル,4457,0,1107,0,Tuesday,3,27.6,22.7
2026-03-18,SKU011,アパレル,4457,5,1819,0,Wednesday,3,27.1,22.6
2026-03-19,SKU011,アパレル,4457,0,11350,0,Thursday,3,27.3,22.8
2026-03-20,SKU011,アパレル,4457,0,272,0,Friday,3,25.4,22.7
2026-03-21,SKU011,アパレル,4457,0,0,0,Saturday,3,24.3,22.9
2026-03-22,SKU011,アパレル,4457,0,0,0,Sunday,3,22.4,23.3
2026-03-23,SKU011,アパレル,4457,0,0,0,Monday,3,21.7,23.5
2026-03-24,SKU011,アパレル,4457,0,0,0,Tuesday,3,21.4,23.6
2026-03-25,SKU011,アパレル,4457,0,1080,0,Wednesday,3,21.3,23.3
2026-03-26,SKU011,アパレル,4457,0,0,0,Thursday,3,20.7,23.3
2026-03-27,SKU011,アパレル,4457,5,0,0,Friday,3,21.3,23.3
2026-03-28,SKU011,アパレル,4457,0,0,0,Saturday,3,20.9,23.4
2026-03-29,SKU011,アパレル,4457,5,1269,0,Sunday,3,20.7,23.6
2026-03-30,SKU011,アパレル,4457,5,0,0,Monday,3,20.9,23.9
2026-03-31,SKU011,アパレル,4457,10,0,0,Tuesday,3,20.6,23.8
2026-03-01,SKU012,コスメ,1566,20,0,0,Sunday,3,18.3,17.8
2026-03-02,SKU012,コスメ,1566,20,901,0,Monday,3,19.6,18.3
2026-03-03,SKU012,コスメ,1566,30,0,0,Tuesday,3,19.9,18.4
2026-03-04,SKU012,コスメ,1566,20,0,1,Wednesday,3,20.1,18.1
2026-03-05,SKU012,コスメ,1566,0,413,0,Thursday,3,22.3,18.6
2026-03-06,SKU012,コスメ,1566,0,7258,0,Friday,3,21.7,18.5
2026-03-07,SKU012,コスメ,1566,15,2632,0,Saturday,3,21.4,18.7
2026-03-08,SKU012,コスメ,1566,0,28559,0,Sunday,3,23.1,19.0
2026-03-09,SKU012,コスメ,1566,0,0,0,Monday,3,22.4,19.1
2026-03-10,SKU012,コスメ,1566,0,0,0,Tuesday,3,21.7,19.1
2026-03-11,SKU012,コスメ,1566,0,0,0,Wednesday,3,21.6,19.1
2026-03-12,SKU012,コスメ,1566,5,3018,1,Thursday,3,19.6,19.2
2026-03-13,SKU012,コスメ,1566,0,3486,0,Friday,3,21.1,19.6
2026-03-14,SKU012,コスメ,1566,0,0,0,Saturday,3,21.0,19.8
2026-03-15,SKU012,コスメ,1566,0,114,0,Sunday,3,20.3,19.9
2026-03-16,SKU012,コスメ,1566,0,2708,1,Monday,3,20.1,20.2
2026-03-17,SKU012,コスメ,1566,10,0,1,Tuesday,3,21.6,20.1
2026-03-18,SKU012,コスメ,1566,0,714,0,Wednesday,3,23.1,20.4
2026-03-19,SKU012,コスメ,1566,0,428,0,Thursday,3,22.9,20.5
2026-03-20,SKU012,コスメ,1566,0,0,0,Friday,3,22.0,20.6
2026-03-21,SKU012,コスメ,1566,30,0,0,Saturday,3,21.6,20.5
2026-03-22,SKU012,コスメ,1566,0,0,0,Sunday,3,22.7,20.9
2026-03-23,SKU012,コスメ,1566,10,0,0,Monday,3,22.9,21.1
2026-03-24,SKU012,コスメ,1566,0,0,0,Tuesday,3,22.1,21.2
2026-03-25,SKU012,コスメ,1566,20,0,0,Wednesday,3,20.4,21.1
2026-03-26,SKU012,コスメ,1566,5,0,1,Thursday,3,21.0,21.2
2026-03-27,SKU012,コスメ,1566,0,0,0,Friday,3,22.9,21.7
2026-03-28,SKU012,コスメ,1566,5,0,0,Saturday,3,23.6,21.7
2026-03-29,SKU012,コスメ,1566,0,3073,1,Sunday,3,22.9,21.9
2026-03-30,SKU012,コスメ,1566,0,2375,0,Monday,3,24.9,22.5
2026-03-31,SKU012,コスメ,1566,0,0,1,Tuesday,3,23.9,22.5
2026-03-01,SKU013,コスメ,3646,0,0,0,Sunday,3,15.9,14.8
2026-03-02,SKU013,コスメ,3646,0,0,0,Monday,3,14.1,15.0
2026-03-03,SKU013,コスメ,3646,0,2233,0,Tuesday,3,14.0,15.0
2026-03-04,SKU013,コスメ,3646,0,0,1,Wednesday,3,14.7,15.1
2026-03-05,SKU013,コスメ,3646,0,1133,0,Thursday,3,15.9,15.4
2026-03-06,SKU013,コスメ,3646,0,0,0,Friday,3,16.3,15.5
2026-03-07,SKU013,コスメ,3646,10,0,0,Saturday,3,16.1,15.4
2026-03-08,SKU013,コスメ,3646,15,0,0,Sunday,3,16.4,15.6
2026-03-09,SKU013,コスメ,3646,0,0,0,Monday,3,16.7,15.8
2026-03-10,SKU013,コスメ,3646,0,0,0,Tuesday,3,16.9,15.8
2026-03-11,SKU013,コスメ,3646,0,0,0,Wednesday,3,16.1,15.7
2026-03-12,SKU013,コスメ,3646,10,0,0,Thursday,3,15.3,15.8
2026-03-13,SKU013,コスメ,3646,0,0,0,Friday,3,15.6,15.9
2026-03-14,SKU013,コスメ,3646,0,0,0,Saturday,3,16.0,16.0
2026-03-15,SKU013,コスメ,3646,0,0,0,Sunday,3,16.0,16.2
2026-03-16,SKU013,コスメ,3646,0,9496,0,Monday,3,15.6,16.3
2026-03-17,SKU013,コスメ,3646,5,10006,1,Tuesday,3,15.9,16.1
2026-03-18,SKU013,コスメ,3646,0,1572,0,Wednesday,3,17.3,16.1
2026-03-19,SKU013,コスメ,3646,0,0,0,Thursday,3,16.9,15.8
2026-03-20,SKU013,コスメ,3646,0,0,0,Friday,3,16.3,15.7
2026-03-21,SKU013,コスメ,3646,10,0,0,Saturday,3,15.9,15.8
2026-03-22,SKU013,コスメ,3646,15,0,0,Sunday,3,16.1,16.1
2026-03-23,SKU013,コスメ,3646,0,0,0,Monday,3,16.6,16.3
2026-03-24,SKU013,コスメ,3646,0,1449,0,Tuesday,3,15.7,16.1
2026-03-25,SKU013,コスメ,3646,0,1318,0,Wednesday,3,14.1,15.4
2026-03-26,SKU013,コスメ,3646,10,0,1,Thursday,3,14.4,15.4
2026-03-27,SKU013,コスメ,3646,0,0,1,Friday,3,16.0,15.7
2026-03-28,SKU013,コスメ,3646,0,0,0,Saturday,3,17.3,16.0
2026-03-29,SKU013,コスメ,3646,15,0,1,Sunday,3,16.9,16.3
2026-03-30,SKU013,コスメ,3646,0,0,0,Monday,3,18.3,16.9
2026-03-31,SKU013,コスメ,3646,0,0,0,Tuesday,3,18.1,16.6
2026-03-01,SKU014,コスメ,1513,0,0,1,Sunday,3,12.9,13.5
2026-03-02,SKU014,コスメ,1513,0,1706,0,Monday,3,14.0,14.0
2026-03-03,SKU014,コスメ,1513,0,0,0,Tuesday,3,14.1,13.6
2026-03-04,SKU014,コスメ,1513,0,0,0,Wednesday,3,14.4,13.6
2026-03-05,SKU014,コスメ,1513,0,563,0,Thursday,3,15.0,13.6
2026-03-06,SKU014,コスメ,1513,10,0,1,Friday,3,14.7,13.6
2026-03-07,SKU014,コスメ,1513,0,0,0,Saturday,3,15.7,13.9
2026-03-08,SKU014,コスメ,1513,0,0,0,Sunday,3,15.1,13.9
2026-03-09,SKU014,コスメ,1513,0,0,0,Monday,3,14.1,14.0
2026-03-10,SKU014,コスメ,1513,0,0,0,Tuesday,3,14.0,14.0
2026-03-11,SKU014,コスメ,1513,0,1755,0,Wednesday,3,14.0,14.0
2026-03-12,SKU014,コスメ,1513,0,532,0,Thursday,3,14.1,13.9
2026-03-13,SKU014,コスメ,1513,0,619,0,Friday,3,14.3,13.8
2026-03-14,SKU014,コスメ,1513,0,3688,0,Saturday,3,13.0,13.7
2026-03-15,SKU014,コスメ,1513,0,4649,0,Sunday,3,12.6,13.6
2026-03-16,SKU014,コスメ,1513,0,0,0,Monday,3,12.4,13.7
2026-03-17,SKU014,コスメ,1513,0,3283,0,Tuesday,3,12.4,13.5
2026-03-18,SKU014,コスメ,1513,0,0,0,Wednesday,3,12.0,13.2
2026-03-19,SKU014,コスメ,1513,0,3668,0,Thursday,3,11.4,13.2
2026-03-20,SKU014,コスメ,1513,10,0,0,Friday,3,11.4,13.1
2026-03-21,SKU014,コスメ,1513,0,1293,0,Saturday,3,11.6,13.1
2026-03-22,SKU014,コスメ,1513,0,0,0,Sunday,3,11.6,13.2
2026-03-23,SKU014,コスメ,1513,0,3124,0,Monday,3,11.6,13.0
2026-03-24,SKU014,コスメ,1513,20,1298,1,Tuesday,3,11.4,13.0
2026-03-25,SKU014,コスメ,1513,0,0,0,Wednesday,3,13.1,13.3
2026-03-26,SKU014,コスメ,1513,0,0,0,Thursday,3,13.6,13.2
2026-03-27,SKU014,コスメ,1513,0,0,0,Friday,3,14.0,13.3
2026-03-28,SKU014,コスメ,1513,5,2217,0,Saturday,3,14.1,13.5
2026-03-29,SKU014,コスメ,1513,0,0,1,Sunday,3,13.9,13.5
2026-03-30,SKU014,コスメ,1513,0,274,0,Monday,3,15.3,13.9
2026-03-31,SKU014,コスメ,1513,0,492,0,Tuesday,3,15.1,13.5
2026-03-01,SKU015,コスメ,1940,0,1355,1,Sunday,3,9.4,8.2
2026-03-02,SKU015,コスメ,1940,15,0,0,Monday,3,9.0,8.4
2026-03-03,SKU015,コスメ,1940,20,0,0,Tuesday,3,8.9,8.4
2026-03-04,SKU015,コスメ,1940,0,399,0,Wednesday,3,9.3,8.4
2026-03-05,SKU015,コスメ,1940,0,10666,0,Thursday,3,9.3,8.4
2026-03-06,SKU015,コスメ,1940,0,687,0,Friday,3,9.0,8.5
2026-03-07,SKU015,コスメ,1940,0,163,0,Saturday,3,9.0,8.5
2026-03-08,SKU015,コスメ,1940,0,6424,0,Sunday,3,9.1,8.6
2026-03-09,SKU015,コスメ,1940,0,0,1,Monday,3,8.4,8.6
2026-03-10,SKU015,コスメ,1940,0,0,0,Tuesday,3,8.9,8.7
2026-03-11,SKU015,コスメ,1940,0,0,0,Wednesday,3,8.6,8.6
2026-03-12,SKU015,コスメ,1940,0,0,1,Thursday,3,8.9,8.7
2026-03-13,SKU015,コスメ,1940,0,0,0,Friday,3,9.4,8.8
2026-03-14,SKU015,コスメ,1940,0,219,0,Saturday,3,9.4,8.7
2026-03-15,SKU015,コスメ,1940,0,0,0,Sunday,3,9.6,8.9
2026-03-16,SKU015,コスメ,1940,5,0,0,Monday,3,9.6,9.0
2026-03-17,SKU015,コスメ,1940,0,0,1,Tuesday,3,9.3,9.0
2026-03-18,SKU015,コスメ,1940,0,0,0,Wednesday,3,9.9,9.1
2026-03-19,SKU015,コスメ,1940,0,322,0,Thursday,3,9.7,9.1
2026-03-20,SKU015,コスメ,1940,10,236,0,Friday,3,9.1,9.2
2026-03-21,SKU015,コスメ,1940,0,0,0,Saturday,3,9.3,9.1
2026-03-22,SKU015,コスメ,1940,0,0,0,Sunday,3,9.1,9.2
2026-03-23,SKU015,コスメ,1940,0,688,0,Monday,3,9.3,9.3
2026-03-24,SKU015,コスメ,1940,0,267,0,Tuesday,3,9.0,9.3
2026-03-25,SKU015,コスメ,1940,0,0,0,Wednesday,3,8.3,8.9
2026-03-26,SKU015,コスメ,1940,15,1119,0,Thursday,3,8.1,8.9
2026-03-27,SKU015,コスメ,1940,0,0,0,Friday,3,8.1,8.9
2026-03-28,SKU015,コスメ,1940,0,0,0,Saturday,3,8.0,8.9
2026-03-29,SKU015,コスメ,1940,15,0,0,Sunday,3,7.7,8.8
2026-03-30,SKU015,コスメ,1940,0,0,0,Monday,3,8.0,9.0
2026-03-31,SKU015,コスメ,1940,0,0,0,Tuesday,3,8.1,9.0
2026-03-01,SKU016,家電,3410,0,2054,0,Sunday,3,33.1,33.6
2026-03-02,SKU016,家電,3410,0,0,0,Monday,3,33.4,33.5
2026-03-03,SKU016,家電,3410,0,0,1,Tuesday,3,29.9,33.2
2026-03-04,SKU016,家電,3410,0,0,0,Wednesday,3,32.4,33.4
2026-03-05,SKU016,家電,3410,0,0,0,Thursday,3,32.6,33.2
2026-03-06,SKU016,家電,3410,0,0,1,Friday,3,32.1,33.1
2026-03-07,SKU016,家電,3410,5,185,0,Saturday,3,34.4,33.3
2026-03-08,SKU016,家電,3410,0,3160,1,Sunday,3,33.6,33.5
2026-03-09,SKU016,家電,3410,0,0,0,Monday,3,36.6,34.4
2026-03-10,SKU016,家電,3410,0,0,0,Tuesday,3,37.7,34.5
2026-03-11,SKU016,家電,3410,0,0,0,Wednesday,3,35.9,34.4
2026-03-12,SKU016,家電,3410,5,0,1,Thursday,3,35.7,34.2
2026-03-13,SKU016,家電,3410,15,0,0,Friday,3,39.3,35.0
2026-03-14,SKU016,家電,3410,0,0,1,Saturday,3,39.0,35.4
2026-03-15,SKU016,家電,3410,0,0,0,Sunday,3,42.7,36.5
2026-03-16,SKU016,家電,3410,0,3102,0,Monday,3,39.1,36.8
2026-03-17,SKU016,家電,3410,0,1536,0,Tuesday,3,39.0,36.5
2026-03-18,SKU016,家電,3410,0,564,1,Wednesday,3,38.4,35.8
2026-03-19,SKU016,家電,3410,0,1442,0,Thursday,3,41.0,36.4
2026-03-20,SKU016,家電,3410,0,198,1,Friday,3,38.7,36.9
2026-03-21,SKU016,家電,3410,0,337,0,Saturday,3,38.1,36.1
2026-03-22,SKU016,家電,3410,0,0,0,Sunday,3,35.3,36.3
2026-03-23,SKU016,家電,3410,5,0,0,Monday,3,36.4,36.7
2026-03-24,SKU016,家電,3410,0,8443,0,Tuesday,3,36.7,36.3
2026-03-25,SKU016,家電,3410,0,0,0,Wednesday,3,37.0,36.0
2026-03-26,SKU016,家電,3410,0,405,0,Thursday,3,35.3,35.5
2026-03-27,SKU016,家電,3410,0,868,0,Friday,3,35.6,35.9
2026-03-28,SKU016,家電,3410,5,0,0,Saturday,3,36.3,36.3
2026-03-29,SKU016,家電,3410,0,1768,0,Sunday,3,37.7,36.9
2026-03-30,SKU016,家電,3410,0,2557,0,Monday,3,36.7,37.4
2026-03-31,SKU016,家電,3410,0,0,0,Tuesday,3,37.0,37.2
2026-03-01,SKU017,食品,6545,5,0,0,Sunday,3,53.4,52.3
2026-03-02,SKU017,食品,6545,0,1805,0,Monday,3,54.6,53.4
2026-03-03,SKU017,食品,6545,15,0,0,Tuesday,3,55.9,53.7
2026-03-04,SKU017,食品,6545,0,0,0,Wednesday,3,60.1,54.0
2026-03-05,SKU017,食品,6545,0,143,1,Thursday,3,63.1,52.8
2026-03-06,SKU017,食品,6545,0,0,1,Friday,3,63.1,54.1
2026-03-07,SKU017,食品,6545,0,0,1,Saturday,3,68.3,55.1
2026-03-08,SKU017,食品,6545,0,0,0,Sunday,3,71.6,56.4
2026-03-09,SKU017,食品,6545,0,0,0,Monday,3,71.9,57.3
2026-03-10,SKU017,食品,6545,5,9555,1,Tuesday,3,70.6,56.8
2026-03-11,SKU017,食品,6545,0,2772,0,Wednesday,3,73.6,57.5
2026-03-12,SKU017,食品,6545,10,19,0,Thursday,3,71.0,57.5
2026-03-13,SKU017,食品,6545,0,0,0,Friday,3,67.7,57.6
2026-03-14,SKU017,食品,6545,0,0,0,Saturday,3,63.7,57.7
2026-03-15,SKU017,食品,6545,10,4335,0,Sunday,3,59.0,58.3
2026-03-16,SKU017,食品,6545,0,0,0,Monday,3,59.1,59.1
2026-03-17,SKU017,食品,6545,0,0,1,Tuesday,3,59.6,58.5
2026-03-18,SKU017,食品,6545,10,0,0,Wednesday,3,57.6,58.9
2026-03-19,SKU017,食品,6545,0,630,0,Thursday,3,57.6,59.2
2026-03-20,SKU017,食品,6545,0,78,0,Friday,3,56.6,59.0
2026-03-21,SKU017,食品,6545,20,0,0,Saturday,3,56.0,59.1
2026-03-22,SKU017,食品,6545,0,334,0,Sunday,3,57.1,59.7
2026-03-23,SKU017,食品,6545,0,2249,0,Monday,3,55.7,60.3
2026-03-24,SKU017,食品,6545,0,0,1,Tuesday,3,56.0,59.9
2026-03-25,SKU017,食品,6545,0,19559,0,Wednesday,3,57.4,60.5
2026-03-26,SKU017,食品,6545,0,0,0,Thursday,3,57.9,60.7
2026-03-27,SKU017,食品,6545,0,0,0,Friday,3,57.0,61.1
2026-03-28,SKU017,食品,6545,0,246,0,Saturday,3,55.4,60.9
2026-03-29,SKU017,食品,6545,0,0,1,Sunday,3,55.3,60.7
2026-03-30,SKU017,食品,6545,0,2308,0,Monday,3,61.7,62.7
2026-03-31,SKU017,食品,6545,0,0,0,Tuesday,3,61.4,61.7
2026-03-01,SKU018,コスメ,3164,0,0,0,Sunday,3,11.6,11.3
2026-03-02,SKU018,コスメ,3164,0,0,0,Monday,3,12.1,11.6
2026-03-03,SKU018,コスメ,3164,0,0,0,Tuesday,3,11.9,11.5
2026-03-04,SKU018,コスメ,3164,20,516,0,Wednesday,3,11.9,11.5
2026-03-05,SKU018,コスメ,3164,0,0,0,Thursday,3,12.3,11.5
2026-03-06,SKU018,コスメ,3164,0,0,0,Friday,3,12.1,11.5
2026-03-07,SKU018,コスメ,3164,0,0,1,Saturday,3,12.3,11.6
2026-03-08,SKU018,コスメ,3164,0,0,0,Sunday,3,13.3,11.9
2026-03-09,SKU018,コスメ,3164,30,6321,0,Monday,3,13.0,11.9
2026-03-10,SKU018,コスメ,3164,0,0,0,Tuesday,3,13.7,12.0
2026-03-11,SKU018,コスメ,3164,0,319,0,Wednesday,3,13.6,11.8
2026-03-12,SKU018,コスメ,3164,0,2005,0,Thursday,3,13.4,11.9
2026-03-13,SKU018,コスメ,3164,0,0,0,Friday,3,13.6,11.9
2026-03-14,SKU018,コスメ,3164,15,0,1,Saturday,3,13.4,11.9
2026-03-15,SKU018,コスメ,3164,20,0,1,Sunday,3,13.7,12.5
2026-03-16,SKU018,コスメ,3164,5,98,1,Monday,3,15.7,13.1
2026-03-17,SKU018,コスメ,3164,0,0,0,Tuesday,3,16.1,13.2
2026-03-18,SKU018,コスメ,3164,0,262,0,Wednesday,3,16.4,13.1
2026-03-19,SKU018,コスメ,3164,0,1814,1,Thursday,3,16.1,13.0
2026-03-20,SKU018,コスメ,3164,0,1540,0,Friday,3,16.9,13.1
2026-03-21,SKU018,コスメ,3164,0,0,0,Saturday,3,17.1,13.2
2026-03-22,SKU018,コスメ,3164,0,0,0,Sunday,3,15.9,13.3
2026-03-23,SKU018,コスメ,3164,0,961,0,Monday,3,14.1,13.6
2026-03-24,SKU018,コスメ,3164,0,2154,0,Tuesday,3,13.4,13.6
2026-03-25,SKU018,コスメ,3164,0,0,0,Wednesday,3,13.1,13.6
2026-03-26,SKU018,コスメ,3164,0,45888,0,Thursday,3,13.3,13.5
2026-03-27,SKU018,コスメ,3164,30,0,0,Friday,3,12.6,13.6
2026-03-28,SKU018,コスメ,3164,30,0,0,Saturday,3,12.6,13.7
2026-03-29,SKU018,コスメ,3164,0,0,1,Sunday,3,13.0,13.9
2026-03-30,SKU018,コスメ,3164,30,4789,0,Monday,3,14.3,14.4
2026-03-31,SKU018,コスメ,3164,5,0,0,Tuesday,3,14.9,14.4
2026-03-01,SKU019,コスメ,2943,0,599,0,Sunday,3,13.4,13.1
2026-03-02,SKU019,コスメ,2943,0,0,0,Monday,3,12.6,13.2
2026-03-03,SKU019,コスメ,2943,0,0,0,Tuesday,3,13.0,13.4
2026-03-04,SKU019,コスメ,2943,0,390,1,Wednesday,3,13.0,13.4
2026-03-05,SKU019,コスメ,2943,0,2146,0,Thursday,3,14.0,13.6
2026-03-06,SKU019,コスメ,2943,10,0,0,Friday,3,13.9,13.7
2026-03-07,SKU019,コスメ,2943,0,0,0,Saturday,3,14.0,13.4
2026-03-08,SKU019,コスメ,2943,0,0,0,Sunday,3,13.9,13.5
2026-03-09,SKU019,コスメ,2943,0,0,0,Monday,3,13.6,13.6
2026-03-10,SKU019,コスメ,2943,0,0,0,Tuesday,3,13.0,13.5
2026-03-11,SKU019,コスメ,2943,0,0,1,Wednesday,3,12.6,13.2
2026-03-12,SKU019,コスメ,2943,0,2620,0,Thursday,3,12.6,13.4
2026-03-13,SKU019,コスメ,2943,5,557,0,Friday,3,13.0,13.4
2026-03-14,SKU019,コスメ,2943,5,0,0,Saturday,3,13.3,13.4
2026-03-15,SKU019,コスメ,2943,0,1061,0,Sunday,3,13.4,13.6
2026-03-16,SKU019,コスメ,2943,0,0,1,Monday,3,13.6,13.5
2026-03-17,SKU019,コスメ,2943,10,0,0,Tuesday,3,14.9,13.8
2026-03-18,SKU019,コスメ,2943,0,770,0,Wednesday,3,15.7,13.7
2026-03-19,SKU019,コスメ,2943,0,0,1,Thursday,3,14.7,13.6
2026-03-20,SKU019,コスメ,2943,0,1817,0,Friday,3,15.3,13.8
2026-03-21,SKU019,コスメ,2943,0,0,0,Saturday,3,15.1,13.8
2026-03-22,SKU019,コスメ,2943,0,952,0,Sunday,3,15.0,13.9
2026-03-23,SKU019,コスメ,2943,0,2323,0,Monday,3,15.0,14.0
2026-03-24,SKU019,コスメ,2943,5,616,0,Tuesday,3,13.6,13.9
2026-03-25,SKU019,コスメ,2943,0,0,0,Wednesday,3,13.6,13.6
2026-03-26,SKU019,コスメ,2943,0,0,0,Thursday,3,13.7,13.6
2026-03-27,SKU019,コスメ,2943,20,499,0,Friday,3,13.0,13.6
2026-03-28,SKU019,コスメ,2943,0,0,1,Saturday,3,13.1,13.6
2026-03-29,SKU019,コスメ,2943,0,0,0,Sunday,3,14.6,14.1
2026-03-30,SKU019,コスメ,2943,0,0,0,Monday,3,14.6,14.3
2026-03-31,SKU019,コスメ,2943,20,0,1,Tuesday,3,14.4,14.1
2026-03-01,SKU020,コスメ,2776,0,214,0,Sunday,3,21.1,23.6
2026-03-02,SKU020,コスメ,2776,0,0,1,Monday,3,21.4,23.9
2026-03-03,SKU020,コスメ,2776,0,0,0,Tuesday,3,23.3,24.1
2026-03-04,SKU020,コスメ,2776,0,0,0,Wednesday,3,24.3,24.0
2026-03-05,SKU020,コスメ,2776,0,1632,1,Thursday,3,26.3,24.2
2026-03-06,SKU020,コスメ,2776,5,481,0,Friday,3,28.6,24.6
2026-03-07,SKU020,コスメ,2776,10,5331,0,Saturday,3,28.7,24.7
2026-03-08,SKU020,コスメ,2776,0,4712,0,Sunday,3,29.4,24.6
2026-03-09,SKU020,コスメ,2776,10,0,1,Monday,3,29.9,24.9
2026-03-10,SKU020,コスメ,2776,5,794,0,Tuesday,3,30.7,25.2
2026-03-11,SKU020,コスメ,2776,0,168,0,Wednesday,3,30.4,25.1
2026-03-12,SKU020,コスメ,2776,0,0,1,Thursday,3,28.6,25.0
2026-03-13,SKU020,コスメ,2776,0,487,1,Friday,3,28.9,25.5
2026-03-14,SKU020,コスメ,2776,5,1359,0,Saturday,3,29.9,25.7
2026-03-15,SKU020,コスメ,2776,0,0,0,Sunday,3,29.9,26.0
2026-03-16,SKU020,コスメ,2776,0,360,0,Monday,3,29.3,26.3
2026-03-17,SKU020,コスメ,2776,0,0,0,Tuesday,3,27.3,26.2
2026-03-18,SKU020,コスメ,2776,0,549,0,Wednesday,3,28.0,26.3
2026-03-19,SKU020,コスメ,2776,0,3957,1,Thursday,3,29.3,26.3
2026-03-20,SKU020,コスメ,2776,5,0,0,Friday,3,30.0,26.9
2026-03-21,SKU020,コスメ,2776,0,0,0,Saturday,3,29.3,26.9
2026-03-22,SKU020,コスメ,2776,0,0,0,Sunday,3,29.1,27.3
2026-03-23,SKU020,コスメ,2776,15,0,0,Monday,3,29.7,27.6
2026-03-24,SKU020,コスメ,2776,0,0,0,Tuesday,3,30.1,27.5
2026-03-25,SKU020,コスメ,2776,0,1539,0,Wednesday,3,28.7,27.3
2026-03-26,SKU020,コスメ,2776,5,0,0,Thursday,3,28.3,27.4
2026-03-27,SKU020,コスメ,2776,0,0,0,Friday,3,26.3,27.7
2026-03-28,SKU020,コスメ,2776,5,0,0,Saturday,3,26.3,27.9
2026-03-29,SKU020,コスメ,2776,0,3611,1,Sunday,3,25.9,28.3
2026-03-30,SKU020,コスメ,2776,10,393,0,Monday,3,28.0,29.2
2026-03-31,SKU020,コスメ,2776,5,369,0,Tuesday,3,27.7,29.0
2026-03-01,SKU021,雑貨,4606,0,0,0,Sunday,3,50.0,52.8
2026-03-02,SKU021,雑貨,4606,0,0,0,Monday,3,51.9,54.0
2026-03-03,SKU021,雑貨,4606,0,3245,0,Tuesday,3,54.4,54.1
2026-03-04,SKU021,雑貨,4606,0,393,0,Wednesday,3,57.4,53.2
2026-03-05,SKU021,雑貨,4606,15,0,1,Thursday,3,57.7,53.2
2026-03-06,SKU021,雑貨,4606,0,0,0,Friday,3,64.6,55.1
2026-03-07,SKU021,雑貨,4606,0,0,1,Saturday,3,62.4,55.1
2026-03-08,SKU021,雑貨,4606,15,0,0,Sunday,3,70.0,56.2
2026-03-09,SKU021,雑貨,4606,15,0,0,Monday,3,71.6,57.9
2026-03-10,SKU021,雑貨,4606,0,585,1,Tuesday,3,71.3,57.8
2026-03-11,SKU021,雑貨,4606,10,0,0,Wednesday,3,74.1,58.3
2026-03-12,SKU021,雑貨,4606,0,0,0,Thursday,3,73.1,57.7
2026-03-13,SKU021,雑貨,4606,5,0,0,Friday,3,64.9,57.6
2026-03-14,SKU021,雑貨,4606,0,0,0,Saturday,3,64.4,57.8
2026-03-15,SKU021,雑貨,4606,20,0,0,Sunday,3,59.7,58.9
2026-03-16,SKU021,雑貨,4606,0,0,1,Monday,3,58.1,60.2
2026-03-17,SKU021,雑貨,4606,0,0,0,Tuesday,3,61.1,59.7
2026-03-18,SKU021,雑貨,4606,0,0,1,Wednesday,3,57.0,59.2
2026-03-19,SKU021,雑貨,4606,0,0,1,Thursday,3,60.7,60.2
2026-03-20,SKU021,雑貨,4606,0,176,0,Friday,3,64.1,60.7
2026-03-21,SKU021,雑貨,4606,0,0,1,Saturday,3,65.4,61.1
2026-03-22,SKU021,雑貨,4606,10,0,0,Sunday,3,67.1,62.2
2026-03-23,SKU021,雑貨,4606,5,944,0,Monday,3,67.7,63.2
2026-03-24,SKU021,雑貨,4606,0,1458,0,Tuesday,3,65.0,61.8
2026-03-25,SKU021,雑貨,4606,15,14187,0,Wednesday,3,64.6,61.4
2026-03-26,SKU021,雑貨,4606,0,0,0,Thursday,3,62.9,62.4
2026-03-27,SKU021,雑貨,4606,0,0,0,Friday,3,60.0,62.6
2026-03-28,SKU021,雑貨,4606,0,0,0,Saturday,3,59.9,62.6
2026-03-29,SKU021,雑貨,4606,0,0,0,Sunday,3,56.1,63.0
2026-03-30,SKU021,雑貨,4606,0,0,0,Monday,3,54.3,63.0
2026-03-31,SKU021,雑貨,4606,0,0,0,Tuesday,3,53.7,62.7
2026-03-01,SKU022,雑貨,1860,0,0,0,Sunday,3,25.4,24.9
2026-03-02,SKU022,雑貨,1860,0,0,0,Monday,3,25.7,25.3
2026-03-03,SKU022,雑貨,1860,5,740,0,Tuesday,3,25.6,25.1
2026-03-04,SKU022,雑貨,1860,0,0,0,Wednesday,3,24.9,24.9
2026-03-05,SKU022,雑貨,1860,0,0,1,Thursday,3,25.1,25.0
2026-03-06,SKU022,雑貨,1860,0,0,0,Friday,3,26.7,25.5
2026-03-07,SKU022,雑貨,1860,15,1854,0,Saturday,3,27.6,25.7
2026-03-08,SKU022,雑貨,1860,10,46266,0,Sunday,3,28.7,26.3
2026-03-09,SKU022,雑貨,1860,0,0,0,Monday,3,29.0,26.6
2026-03-10,SKU022,雑貨,1860,5,0,0,Tuesday,3,29.1,26.1
2026-03-11,SKU022,雑貨,1860,0,5330,0,Wednesday,3,29.9,25.3
2026-03-12,SKU022,雑貨,1860,0,0,0,Thursday,3,29.7,25.3
2026-03-13,SKU022,雑貨,1860,15,0,0,Friday,3,27.6,25.3
2026-03-14,SKU022,雑貨,1860,0,0,0,Saturday,3,28.1,25.8
2026-03-15,SKU022,雑貨,1860,5,2066,0,Sunday,3,26.9,26.3
2026-03-16,SKU022,雑貨,1860,0,0,0,Monday,3,26.3,26.5
2026-03-17,SKU022,雑貨,1860,0,0,0,Tuesday,3,26.9,26.3
2026-03-18,SKU022,雑貨,1860,0,299,0,Wednesday,3,27.0,25.6
2026-03-19,SKU022,雑貨,1860,0,0,1,Thursday,3,26.7,25.7
2026-03-20,SKU022,雑貨,1860,0,1371,0,Friday,3,27.7,26.1
2026-03-21,SKU022,雑貨,1860,0,0,0,Saturday,3,26.7,26.3
2026-03-22,SKU022,雑貨,1860,0,0,0,Sunday,3,26.6,26.6
2026-03-23,SKU022,雑貨,1860,0,0,0,Monday,3,27.1,27.1
2026-03-24,SKU022,雑貨,1860,0,0,0,Tuesday,3,27.1,27.1
2026-03-25,SKU022,雑貨,1860,0,0,0,Wednesday,3,27.7,27.1
2026-03-26,SKU022,雑貨,1860,0,571,0,Thursday,3,28.6,27.2
2026-03-27,SKU022,雑貨,1860,0,525,0,Friday,3,27.3,27.2
2026-03-28,SKU022,雑貨,1860,0,582,0,Saturday,3,27.1,27.2
2026-03-29,SKU022,雑貨,1860,0,0,0,Sunday,3,27.7,27.4
2026-03-30,SKU022,雑貨,1860,0,0,0,Monday,3,27.4,27.7
2026-03-31,SKU022,雑貨,1860,0,0,0,Tuesday,3,26.1,27.3
2026-03-01,SKU023,アパレル,1566,5,1996,0,Sunday,3,39.3,37.8
2026-03-02,SKU023,アパレル,1566,0,0,0,Monday,3,40.7,38.5
2026-03-03,SKU023,アパレル,1566,0,1153,0,Tuesday,3,41.1,38.3
2026-03-04,SKU023,アパレル,1566,0,0,0,Wednesday,3,39.0,38.1
2026-03-05,SKU023,アパレル,1566,0,0,0,Thursday,3,39.9,38.2
2026-03-06,SKU023,アパレル,1566,0,243,0,Friday,3,37.6,38.3
2026-03-07,SKU023,アパレル,1566,0,0,0,Saturday,3,38.4,38.2
2026-03-08,SKU023,アパレル,1566,0,1302,0,Sunday,3,38.6,38.7
2026-03-09,SKU023,アパレル,1566,10,1067,0,Monday,3,39.1,39.0
2026-03-10,SKU023,アパレル,1566,5,0,0,Tuesday,3,39.4,38.8
2026-03-11,SKU023,アパレル,1566,10,0,0,Wednesday,3,39.6,38.8
2026-03-12,SKU023,アパレル,1566,0,0,1,Thursday,3,38.9,38.8
2026-03-13,SKU023,アパレル,1566,0,0,1,Friday,3,42.1,38.7
2026-03-14,SKU023,アパレル,1566,0,0,0,Saturday,3,46.0,39.4
2026-03-15,SKU023,アパレル,1566,5,723,0,Sunday,3,44.7,39.4
2026-03-16,SKU023,アパレル,1566,0,2793,0,Monday,3,44.0,39.7
2026-03-17,SKU023,アパレル,1566,0,0,0,Tuesday,3,45.0,39.7
2026-03-18,SKU023,アパレル,1566,10,0,1,Wednesday,3,44.3,39.5
2026-03-19,SKU023,アパレル,1566,0,0,1,Thursday,3,46.3,40.2
2026-03-20,SKU023,アパレル,1566,5,2872,0,Friday,3,46.4,41.0
2026-03-21,SKU023,アパレル,1566,0,0,0,Saturday,3,44.1,41.1
2026-03-22,SKU023,アパレル,1566,0,1761,0,Sunday,3,44.3,41.7
2026-03-23,SKU023,アパレル,1566,0,0,0,Monday,3,44.0,41.8
2026-03-24,SKU023,アパレル,1566,5,2697,0,Tuesday,3,42.9,41.6
2026-03-25,SKU023,アパレル,1566,0,0,0,Wednesday,3,44.9,42.0
2026-03-26,SKU023,アパレル,1566,0,0,0,Thursday,3,41.9,41.9
2026-03-27,SKU023,アパレル,1566,0,1014,0,Friday,3,39.1,41.4
2026-03-28,SKU023,アパレル,1566,5,1892,0,Saturday,3,38.7,41.4
2026-03-29,SKU023,アパレル,1566,0,0,0,Sunday,3,39.3,41.3
2026-03-30,SKU023,アパレル,1566,0,0,0,Monday,3,40.0,42.1
2026-03-31,SKU023,アパレル,1566,0,0,1,Tuesday,3,38.9,41.5
2026-03-01,SKU024,食品,8196,0,0,0,Sunday,3,53.7,56.8
2026-03-02,SKU024,食品,8196,0,0,0,Monday,3,55.0,56.8
2026-03-03,SKU024,食品,8196,0,411,0,Tuesday,3,56.3,56.7
2026-03-04,SKU024,食品,8196,0,1191,0,Wednesday,3,60.0,57.1
2026-03-05,SKU024,食品,8196,0,872,0,Thursday,3,64.3,57.3
2026-03-06,SKU024,食品,8196,0,0,1,Friday,3,64.4,56.8
2026-03-07,SKU024,食品,8196,0,0,1,Saturday,3,67.7,58.0
2026-03-08,SKU024,食品,8196,20,0,0,Sunday,3,71.4,59.8
2026-03-09,SKU024,食品,8196,0,0,0,Monday,3,76.3,61.3
2026-03-10,SKU024,食品,8196,15,606,0,Tuesday,3,72.9,59.8
2026-03-11,SKU024,食品,8196,0,0,0,Wednesday,3,71.7,59.5
2026-03-12,SKU024,食品,8196,0,0,1,Thursday,3,70.0,59.2
2026-03-13,SKU024,食品,8196,0,0,0,Friday,3,75.0,60.3
2026-03-14,SKU024,食品,8196,5,0,0,Saturday,3,73.1,60.8
2026-03-15,SKU024,食品,8196,0,0,0,Sunday,3,67.7,61.2
2026-03-16,SKU024,食品,8196,0,0,0,Monday,3,64.9,62.0
2026-03-17,SKU024,食品,8196,0,0,0,Tuesday,3,65.3,61.3
2026-03-18,SKU024,食品,8196,20,0,0,Wednesday,3,63.1,61.2
2026-03-19,SKU024,食品,8196,0,0,0,Thursday,3,66.6,62.2
2026-03-20,SKU024,食品,8196,10,0,0,Friday,3,62.3,62.4
2026-03-21,SKU024,食品,8196,15,4294,0,Saturday,3,62.9,63.1
2026-03-22,SKU024,食品,8196,0,0,0,Sunday,3,66.6,64.4
2026-03-23,SKU024,食品,8196,0,106,1,Monday,3,65.1,64.8
2026-03-24,SKU024,食品,8196,15,0,0,Tuesday,3,70.0,65.4
2026-03-25,SKU024,食品,8196,0,1726,0,Wednesday,3,72.4,65.8
2026-03-26,SKU024,食品,8196,0,0,0,Thursday,3,69.7,65.8
2026-03-27,SKU024,食品,8196,0,0,0,Friday,3,68.3,65.8
2026-03-28,SKU024,食品,8196,0,1034,1,Saturday,3,67.6,66.8
2026-03-29,SKU024,食品,8196,5,0,0,Sunday,3,70.4,69.0
2026-03-30,SKU024,食品,8196,0,0,0,Monday,3,71.9,69.7
2026-03-31,SKU024,食品,8196,10,244,0,Tuesday,3,68.4,68.8
2026-03-01,SKU025,コスメ,4668,0,0,1,Sunday,3,10.7,11.0
2026-03-02,SKU025,コスメ,4668,0,0,1,Monday,3,11.6,11.4
2026-03-03,SKU025,コスメ,4668,0,0,1,Tuesday,3,12.6,11.7
2026-03-04,SKU025,コスメ,4668,0,133,0,Wednesday,3,13.9,11.8
2026-03-05,SKU025,コスメ,4668,0,2047,0,Thursday,3,14.3,11.8
2026-03-06,SKU025,コスメ,4668,30,0,0,Friday,3,14.7,11.9
2026-03-07,SKU025,コスメ,4668,0,6495,0,Saturday,3,15.3,12.0
2026-03-08,SKU025,コスメ,4668,0,0,0,Sunday,3,14.9,12.2
2026-03-09,SKU025,コスメ,4668,0,0,0,Monday,3,14.1,12.4
2026-03-10,SKU025,コスメ,4668,0,135,0,Tuesday,3,13.3,12.4
2026-03-11,SKU025,コスメ,4668,10,0,1,Wednesday,3,12.6,12.3
2026-03-12,SKU025,コスメ,4668,0,0,0,Thursday,3,13.3,12.6
2026-03-13,SKU025,コスメ,4668,30,121,0,Friday,3,13.1,12.7
2026-03-14,SKU025,コスメ,4668,15,2713,0,Saturday,3,13.1,12.8
2026-03-15,SKU025,コスメ,4668,0,2845,0,Sunday,3,13.7,12.9
2026-03-16,SKU025,コスメ,4668,0,0,0,Monday,3,13.4,12.9
2026-03-17,SKU025,コスメ,4668,0,0,0,Tuesday,3,13.3,12.8
2026-03-18,SKU025,コスメ,4668,0,0,0,Wednesday,3,13.1,12.5
2026-03-19,SKU025,コスメ,4668,0,0,0,Thursday,3,12.0,12.5
2026-03-20,SKU025,コスメ,4668,0,3465,0,Friday,3,12.0,12.5
2026-03-21,SKU025,コスメ,4668,0,341,0,Saturday,3,11.3,12.4
2026-03-22,SKU025,コスメ,4668,15,0,0,Sunday,3,11.1,12.6
2026-03-23,SKU025,コスメ,4668,0,3390,1,Monday,3,11.6,12.8
2026-03-24,SKU025,コスメ,4668,0,0,1,Tuesday,3,12.6,12.9
2026-03-25,SKU025,コスメ,4668,5,0,0,Wednesday,3,13.6,13.0
2026-03-26,SKU025,コスメ,4668,5,0,0,Thursday,3,13.7,13.0
2026-03-27,SKU025,コスメ,4668,0,1764,0,Friday,3,13.7,13.1
2026-03-28,SKU025,コスメ,4668,0,2048,0,Saturday,3,14.1,13.2
2026-03-29,SKU025,コスメ,4668,5,4583,0,Sunday,3,14.0,13.4
2026-03-30,SKU025,コスメ,4668,0,1237,0,Monday,3,13.4,13.5
2026-03-31,SKU025,コスメ,4668,0,0,0,Tuesday,3,12.6,13.3
2026-03-01,SKU026,アパレル,2389,10,2486,0,Sunday,3,13.7,13.6
2026-03-02,SKU026,アパレル,2389,0,4066,0,Monday,3,14.6,14.1
2026-03-03,SKU026,アパレル,2389,0,3396,1,Tuesday,3,14.4,14.0
2026-03-04,SKU026,アパレル,2389,20,0,0,Wednesday,3,15.4,13.7
2026-03-05,SKU026,アパレル,2389,15,0,0,Thursday,3,16.0,13.7
2026-03-06,SKU026,アパレル,2389,0,0,0,Friday,3,16.9,13.8
2026-03-07,SKU026,アパレル,2389,30,0,0,Saturday,3,16.1,13.9
2026-03-08,SKU026,アパレル,2389,0,0,0,Sunday,3,17.0,14.3
2026-03-09,SKU026,アパレル,2389,0,1803,1,Monday,3,16.3,14.4
2026-03-10,SKU026,アパレル,2389,0,0,0,Tuesday,3,17.3,14.7
2026-03-11,SKU026,アパレル,2389,10,0,1,Wednesday,3,16.6,14.8
2026-03-12,SKU026,アパレル,2389,0,0,0,Thursday,3,17.4,15.1
2026-03-13,SKU026,アパレル,2389,0,884,1,Friday,3,17.1,15.2
2026-03-14,SKU026,アパレル,2389,0,709,1,Saturday,3,17.9,15.3
2026-03-15,SKU026,アパレル,2389,10,1146,0,Sunday,3,18.0,15.5
2026-03-16,SKU026,アパレル,2389,0,2266,0,Monday,3,18.4,15.9
2026-03-17,SKU026,アパレル,2389,0,844,0,Tuesday,3,17.7,15.9
2026-03-18,SKU026,アパレル,2389,0,0,0,Wednesday,3,17.7,15.4
2026-03-19,SKU026,アパレル,2389,0,0,0,Thursday,3,16.9,15.5
2026-03-20,SKU026,アパレル,2389,5,256,0,Friday,3,17.3,15.7
2026-03-21,SKU026,アパレル,2389,0,4689,0,Saturday,3,17.1,15.8
2026-03-22,SKU026,アパレル,2389,0,0,0,Sunday,3,16.3,15.9
2026-03-23,SKU026,アパレル,2389,30,0,0,Monday,3,15.9,16.2
2026-03-24,SKU026,アパレル,2389,0,344,0,Tuesday,3,16.3,16.3
2026-03-25,SKU026,アパレル,2389,0,1003,0,Wednesday,3,16.1,16.2
2026-03-26,SKU026,アパレル,2389,0,0,0,Thursday,3,15.9,16.2
2026-03-27,SKU026,アパレル,2389,15,0,0,Friday,3,15.4,16.2
2026-03-28,SKU026,アパレル,2389,0,0,0,Saturday,3,15.1,16.4
2026-03-29,SKU026,アパレル,2389,0,0,0,Sunday,3,15.0,16.6
2026-03-30,SKU026,アパレル,2389,0,0,0,Monday,3,15.4,16.7
2026-03-31,SKU026,アパレル,2389,0,720,0,Tuesday,3,15.1,16.6
2026-03-01,SKU027,アパレル,2476,15,979,0,Sunday,3,26.7,29.0
2026-03-02,SKU027,アパレル,2476,20,0,0,Monday,3,29.0,29.9
2026-03-03,SKU027,アパレル,2476,0,4560,0,Tuesday,3,29.7,30.1
2026-03-04,SKU027,アパレル,2476,20,1646,0,Wednesday,3,29.7,29.0
2026-03-05,SKU027,アパレル,2476,0,0,0,Thursday,3,31.0,29.4
2026-03-06,SKU027,アパレル,2476,15,1039,0,Friday,3,31.7,29.4
2026-03-07,SKU027,アパレル,2476,0,0,0,Saturday,3,31.4,29.0
2026-03-08,SKU027,アパレル,2476,0,0,0,Sunday,3,32.7,29.6
2026-03-09,SKU027,アパレル,2476,0,0,0,Monday,3,30.6,29.9
2026-03-10,SKU027,アパレル,2476,30,0,0,Tuesday,3,30.7,29.9
2026-03-11,SKU027,アパレル,2476,0,0,1,Wednesday,3,33.0,30.4
2026-03-12,SKU027,アパレル,2476,0,185,0,Thursday,3,33.7,30.9
2026-03-13,SKU027,アパレル,2476,0,0,0,Friday,3,34.0,31.1
2026-03-14,SKU027,アパレル,2476,5,0,1,Saturday,3,34.6,31.3
2026-03-15,SKU027,アパレル,2476,0,1735,0,Sunday,3,37.3,32.3
2026-03-16,SKU027,アパレル,2476,0,1323,0,Monday,3,37.1,32.4
2026-03-17,SKU027,アパレル,2476,0,110,0,Tuesday,3,36.7,32.4
2026-03-18,SKU027,アパレル,2476,0,1712,0,Wednesday,3,35.9,32.4
2026-03-19,SKU027,アパレル,2476,0,0,1,Thursday,3,34.0,32.2
2026-03-20,SKU027,アパレル,2476,0,1081,0,Friday,3,35.7,32.6
2026-03-21,SKU027,アパレル,2476,0,0,0,Saturday,3,35.3,32.2
2026-03-22,SKU027,アパレル,2476,10,1104,0,Sunday,3,33.3,32.2
2026-03-23,SKU027,アパレル,2476,5,0,0,Monday,3,34.7,32.7
2026-03-24,SKU027,アパレル,2476,0,322,0,Tuesday,3,34.6,32.7
2026-03-25,SKU027,アパレル,2476,5,350,0,Wednesday,3,34.3,32.7
2026-03-26,SKU027,アパレル,2476,0,627,0,Thursday,3,34.3,32.7
2026-03-27,SKU027,アパレル,2476,0,0,0,Friday,3,31.1,32.6
2026-03-28,SKU027,アパレル,2476,0,0,0,Saturday,3,31.0,32.6
2026-03-29,SKU027,アパレル,2476,0,0,1,Sunday,3,29.4,32.8
2026-03-30,SKU027,アパレル,2476,0,869,1,Monday,3,30.9,33.6
2026-03-31,SKU027,アパレル,2476,0,0,0,Tuesday,3,32.3,34.0
2026-03-01,SKU028,食品,2608,20,4731,0,Sunday,3,49.9,49.3
2026-03-02,SKU028,食品,2608,0,0,0,Monday,3,51.6,50.1
2026-03-03,SKU028,食品,2608,0,0,0,Tuesday,3,51.0,49.8
2026-03-04,SKU028,食品,2608,0,0,0,Wednesday,3,50.6,49.3
2026-03-05,SKU028,食品,2608,5,1567,1,Thursday,3,49.7,49.1
2026-03-06,SKU028,食品,2608,0,276,1,Friday,3,50.3,50.1
2026-03-07,SKU028,食品,2608,0,3689,0,Saturday,3,56.0,50.8
2026-03-08,SKU028,食品,2608,0,0,0,Sunday,3,55.9,51.2
2026-03-09,SKU028,食品,2608,15,193,0,Monday,3,55.9,51.4
2026-03-10,SKU028,食品,2608,0,7004,1,Tuesday,3,56.9,51.6
2026-03-11,SKU028,食品,2608,0,0,0,Wednesday,3,61.4,52.5
2026-03-12,SKU028,食品,2608,0,0,0,Thursday,3,61.0,52.8
2026-03-13,SKU028,食品,2608,0,1728,0,Friday,3,58.0,52.7
2026-03-14,SKU028,食品,2608,0,1993,0,Saturday,3,56.1,53.5
2026-03-15,SKU028,食品,2608,0,0,0,Sunday,3,58.4,54.4
2026-03-16,SKU028,食品,2608,0,577,0,Monday,3,58.4,54.2
2026-03-17,SKU028,食品,2608,0,0,0,Tuesday,3,58.0,53.9
2026-03-18,SKU028,食品,2608,0,609,0,Wednesday,3,54.6,53.7
2026-03-19,SKU028,食品,2608,0,523,0,Thursday,3,54.4,53.8
2026-03-20,SKU028,食品,2608,0,0,0,Friday,3,56.0,54.5
2026-03-21,SKU028,食品,2608,0,0,0,Saturday,3,54.0,54.8
2026-03-22,SKU028,食品,2608,0,10283,0,Sunday,3,53.4,54.5
2026-03-23,SKU028,食品,2608,30,0,0,Monday,3,54.6,55.1
2026-03-24,SKU028,食品,2608,20,0,0,Tuesday,3,56.4,55.1
2026-03-25,SKU028,食品,2608,30,0,0,Wednesday,3,57.7,55.5
2026-03-26,SKU028,食品,2608,0,0,0,Thursday,3,61.1,56.0
2026-03-27,SKU028,食品,2608,10,0,0,Friday,3,59.1,55.8
2026-03-28,SKU028,食品,2608,0,0,0,Saturday,3,59.9,56.0
2026-03-29,SKU028,食品,2608,0,0,0,Sunday,3,57.4,55.7
2026-03-30,SKU028,食品,2608,0,0,0,Monday,3,56.6,56.6
2026-03-31,SKU028,食品,2608,10,698,0,Tuesday,3,55.7,56.4
2026-03-01,SKU029,雑貨,1663,0,0,1,Sunday,3,51.7,55.8
2026-03-02,SKU029,雑貨,1663,0,0,0,Monday,3,58.1,58.6
2026-03-03,SKU029,雑貨,1663,10,501,1,Tuesday,3,56.4,57.7
2026-03-04,SKU029,雑貨,1663,0,0,0,Wednesday,3,64.3,59.0
2026-03-05,SKU029,雑貨,1663,0,200,0,Thursday,3,60.6,58.9
2026-03-06,SKU029,雑貨,1663,0,396,0,Friday,3,62.0,58.9
2026-03-07,SKU029,雑貨,1663,0,0,0,Saturday,3,64.0,59.1
2026-03-08,SKU029,雑貨,1663,5,3062,0,Sunday,3,65.0,59.2
2026-03-09,SKU029,雑貨,1663,0,4902,0,Monday,3,57.9,59.8
2026-03-10,SKU029,雑貨,1663,10,1050,0,Tuesday,3,56.0,59.4
2026-03-11,SKU029,雑貨,1663,0,0,0,Wednesday,3,52.6,59.0
2026-03-12,SKU029,雑貨,1663,10,573,0,Thursday,3,52.4,58.2
2026-03-13,SKU029,雑貨,1663,0,0,0,Friday,3,51.7,58.4
2026-03-14,SKU029,雑貨,1663,0,1099,1,Saturday,3,51.3,57.7
2026-03-15,SKU029,雑貨,1663,0,215,0,Sunday,3,57.3,59.1
2026-03-16,SKU029,雑貨,1663,0,2031,0,Monday,3,57.3,59.0
2026-03-17,SKU029,雑貨,1663,0,9809,0,Tuesday,3,57.7,57.9
2026-03-18,SKU029,雑貨,1663,15,32,1,Wednesday,3,56.3,57.7
2026-03-19,SKU029,雑貨,1663,0,1976,0,Thursday,3,62.4,58.1
2026-03-20,SKU029,雑貨,1663,0,517,0,Friday,3,61.3,57.4
2026-03-21,SKU029,雑貨,1663,0,224,0,Saturday,3,60.7,57.5
2026-03-22,SKU029,雑貨,1663,0,420,0,Sunday,3,54.6,57.6
2026-03-23,SKU029,雑貨,1663,15,2447,0,Monday,3,54.6,58.0
2026-03-24,SKU029,雑貨,1663,20,0,0,Tuesday,3,55.9,56.9
2026-03-25,SKU029,雑貨,1663,0,0,1,Wednesday,3,55.1,56.5
2026-03-26,SKU029,雑貨,1663,0,1186,0,Thursday,3,53.3,56.7
2026-03-27,SKU029,雑貨,1663,0,336,0,Friday,3,52.9,56.8
2026-03-28,SKU029,雑貨,1663,10,453,0,Saturday,3,53.6,56.4
2026-03-29,SKU029,雑貨,1663,0,405,0,Sunday,3,55.0,57.1
2026-03-30,SKU029,雑貨,1663,0,0,1,Monday,3,55.0,57.8
2026-03-31,SKU029,雑貨,1663,0,1030,0,Tuesday,3,59.9,58.8
2026-03-01,SKU030,食品,3017,0,515,0,Sunday,3,28.3,32.8
2026-03-02,SKU030,食品,3017,0,696,0,Monday,3,28.7,33.3
2026-03-03,SKU030,食品,3017,0,133,0,Tuesday,3,30.6,33.5
2026-03-04,SKU030,食品,3017,0,0,0,Wednesday,3,30.4,33.2
2026-03-05,SKU030,食品,3017,20,0,0,Thursday,3,32.7,33.4
2026-03-06,SKU030,食品,3017,0,1256,0,Friday,3,34.9,33.8
2026-03-07,SKU030,食品,3017,0,0,1,Saturday,3,36.9,33.7
2026-03-08,SKU030,食品,3017,0,0,0,Sunday,3,39.6,35.0
2026-03-09,SKU030,食品,3017,0,5632,0,Monday,3,41.0,35.4
2026-03-10,SKU030,食品,3017,0,4144,0,Tuesday,3,39.4,34.9
2026-03-11,SKU030,食品,3017,0,0,0,Wednesday,3,40.6,34.1
2026-03-12,SKU030,食品,3017,0,0,0,Thursday,3,39.7,34.3
2026-03-13,SKU030,食品,3017,0,0,1,Friday,3,38.3,34.4
2026-03-14,SKU030,食品,3017,0,0,0,Saturday,3,40.4,35.1
2026-03-15,SKU030,食品,3017,0,0,1,Sunday,3,36.6,34.9
2026-03-16,SKU030,食品,3017,10,0,0,Monday,3,37.0,35.7
2026-03-17,SKU030,食品,3017,0,0,0,Tuesday,3,38.4,35.0
2026-03-18,SKU030,食品,3017,0,0,0,Wednesday,3,37.9,34.9
2026-03-19,SKU030,食品,3017,0,0,1,Thursday,3,37.0,34.8
2026-03-20,SKU030,食品,3017,5,2081,0,Friday,3,40.0,35.0
2026-03-21,SKU030,食品,3017,0,0,0,Saturday,3,37.9,35.0
2026-03-22,SKU030,食品,3017,0,0,0,Sunday,3,40.3,35.8
2026-03-23,SKU030,食品,3017,0,0,0,Monday,3,38.6,36.1
2026-03-24,SKU030,食品,3017,5,0,0,Tuesday,3,38.0,36.2
2026-03-25,SKU030,食品,3017,0,0,1,Wednesday,3,37.6,36.0
2026-03-26,SKU030,食品,3017,0,0,0,Thursday,3,40.4,36.7
2026-03-27,SKU030,食品,3017,0,0,1,Friday,3,37.1,36.7
2026-03-28,SKU030,食品,3017,0,1476,0,Saturday,3,39.9,37.7
2026-03-29,SKU030,食品,3017,0,0,0,Sunday,3,39.0,38.2
2026-03-30,SKU030,食品,3017,0,439,0,Monday,3,37.7,38.6
2026-03-31,SKU030,食品,3017,5,0,0,Tuesday,3,37.3,38.3
2026-03-01,SKU031,アパレル,3690,0,0,0,Sunday,3,51.3,53.2
2026-03-02,SKU031,アパレル,3690,0,0,0,Monday,3,53.3,54.6
2026-03-03,SKU031,アパレル,3690,0,750,0,Tuesday,3,52.6,53.8
2026-03-04,SKU031,アパレル,3690,0,0,0,Wednesday,3,48.6,52.8
2026-03-05,SKU031,アパレル,3690,5,605,1,Thursday,3,51.7,53.2
2026-03-06,SKU031,アパレル,3690,0,414,1,Friday,3,54.4,53.9
2026-03-07,SKU031,アパレル,3690,0,783,0,Saturday,3,60.3,54.8
2026-03-08,SKU031,アパレル,3690,0,0,0,Sunday,3,62.1,55.3
2026-03-09,SKU031,アパレル,3690,0,0,0,Monday,3,60.4,55.7
2026-03-10,SKU031,アパレル,3690,0,5958,0,Tuesday,3,61.9,55.9
2026-03-11,SKU031,アパレル,3690,0,0,1,Wednesday,3,64.9,55.8
2026-03-12,SKU031,アパレル,3690,0,0,0,Thursday,3,66.3,56.6
2026-03-13,SKU031,アパレル,3690,0,840,0,Friday,3,63.6,57.2
2026-03-14,SKU031,アパレル,3690,0,0,0,Saturday,3,59.6,57.9
2026-03-15,SKU031,アパレル,3690,0,0,0,Sunday,3,60.9,58.6
2026-03-16,SKU031,アパレル,3690,5,0,1,Monday,3,60.7,59.2
2026-03-17,SKU031,アパレル,3690,0,441,0,Tuesday,3,63.0,58.9
2026-03-18,SKU031,アパレル,3690,0,1959,0,Wednesday,3,61.1,57.7
2026-03-19,SKU031,アパレル,3690,0,0,0,Thursday,3,57.4,57.6
2026-03-20,SKU031,アパレル,3690,0,0,0,Friday,3,57.7,57.3
2026-03-21,SKU031,アパレル,3690,15,0,0,Saturday,3,60.6,58.1
2026-03-22,SKU031,アパレル,3690,0,0,0,Sunday,3,60.6,59.0
2026-03-23,SKU031,アパレル,3690,0,3942,0,Monday,3,60.9,59.7
2026-03-24,SKU031,アパレル,3690,0,0,0,Tuesday,3,56.9,58.4
2026-03-25,SKU031,アパレル,3690,0,0,0,Wednesday,3,57.9,58.2
2026-03-26,SKU031,アパレル,3690,0,0,0,Thursday,3,57.9,57.8
2026-03-27,SKU031,アパレル,3690,0,0,0,Friday,3,57.4,57.5
2026-03-28,SKU031,アパレル,3690,0,1011,0,Saturday,3,55.3,58.0
2026-03-29,SKU031,アパレル,3690,0,6057,0,Sunday,3,52.7,58.0
2026-03-30,SKU031,アパレル,3690,0,145,0,Monday,3,53.4,59.2
2026-03-31,SKU031,アパレル,3690,5,0,0,Tuesday,3,53.6,59.0
2026-03-01,SKU032,食品,8211,0,594,0,Sunday,3,53.4,51.4
2026-03-02,SKU032,食品,8211,0,270,1,Monday,3,51.3,51.9
2026-03-03,SKU032,食品,8211,15,0,0,Tuesday,3,54.4,52.0
2026-03-04,SKU032,食品,8211,10,1431,0,Wednesday,3,56.0,51.1
2026-03-05,SKU032,食品,8211,0,0,0,Thursday,3,57.1,51.6
2026-03-06,SKU032,食品,8211,0,0,0,Friday,3,57.4,52.0
2026-03-07,SKU032,食品,8211,0,0,0,Saturday,3,56.6,52.1
2026-03-08,SKU032,食品,8211,0,0,0,Sunday,3,54.6,52.3
2026-03-09,SKU032,食品,8211,0,0,0,Monday,3,54.3,52.2
2026-03-10,SKU032,食品,8211,10,0,1,Tuesday,3,50.9,51.8
2026-03-11,SKU032,食品,8211,15,685,1,Wednesday,3,53.3,52.2
2026-03-12,SKU032,食品,8211,30,0,0,Thursday,3,56.1,53.1
2026-03-13,SKU032,食品,8211,0,0,1,Friday,3,58.0,53.4
2026-03-14,SKU032,食品,8211,0,0,0,Saturday,3,62.1,54.1
2026-03-15,SKU032,食品,8211,10,0,0,Sunday,3,61.6,54.6
2026-03-16,SKU032,食品,8211,0,73,0,Monday,3,64.0,55.6
2026-03-17,SKU032,食品,8211,0,0,0,Tuesday,3,63.6,55.1
2026-03-18,SKU032,食品,8211,0,806,1,Wednesday,3,61.0,55.4
2026-03-19,SKU032,食品,8211,0,2058,0,Thursday,3,59.0,55.7
2026-03-20,SKU032,食品,8211,0,0,0,Friday,3,57.7,55.6
2026-03-21,SKU032,食品,8211,20,0,0,Saturday,3,55.0,55.9
2026-03-22,SKU032,食品,8211,0,1392,1,Sunday,3,56.7,56.1
2026-03-23,SKU032,食品,8211,0,1432,0,Monday,3,58.4,57.3
2026-03-24,SKU032,食品,8211,0,1043,0,Tuesday,3,57.1,56.7
2026-03-25,SKU032,食品,8211,0,2703,0,Wednesday,3,55.1,55.9
2026-03-26,SKU032,食品,8211,0,24030,0,Thursday,3,54.1,55.9
2026-03-27,SKU032,食品,8211,0,0,0,Friday,3,51.3,55.4
2026-03-28,SKU032,食品,8211,0,6404,1,Saturday,3,52.4,55.7
2026-03-29,SKU032,食品,8211,0,5265,0,Sunday,3,55.0,57.1
2026-03-30,SKU032,食品,8211,15,0,0,Monday,3,52.0,57.7
2026-03-31,SKU032,食品,8211,0,5129,1,Tuesday,3,55.0,57.0
2026-03-01,SKU033,雑貨,3879,0,0,0,Sunday,3,25.0,26.5
2026-03-02,SKU033,雑貨,3879,0,1577,0,Monday,3,25.1,26.8
2026-03-03,SKU033,雑貨,3879,0,299,0,Tuesday,3,25.3,27.0
2026-03-04,SKU033,雑貨,3879,10,0,1,Wednesday,3,26.6,27.1
2026-03-05,SKU033,雑貨,3879,15,0,0,Thursday,3,28.9,27.4
2026-03-06,SKU033,雑貨,3879,0,407,0,Friday,3,29.4,27.2
2026-03-07,SKU033,雑貨,3879,20,457,0,Saturday,3,29.7,27.3
2026-03-08,SKU033,雑貨,3879,0,1334,0,Sunday,3,31.4,27.8
2026-03-09,SKU033,雑貨,3879,0,951,1,Monday,3,30.9,28.1
2026-03-10,SKU033,雑貨,3879,10,0,0,Tuesday,3,31.6,28.3
2026-03-11,SKU033,雑貨,3879,0,0,0,Wednesday,3,31.3,28.2
2026-03-12,SKU033,雑貨,3879,0,1568,0,Thursday,3,30.1,28.4
2026-03-13,SKU033,雑貨,3879,0,0,0,Friday,3,29.6,28.3
2026-03-14,SKU033,雑貨,3879,0,0,0,Saturday,3,29.1,27.7
2026-03-15,SKU033,雑貨,3879,0,9380,0,Sunday,3,27.4,27.9
2026-03-16,SKU033,雑貨,3879,0,0,0,Monday,3,28.0,28.3
2026-03-17,SKU033,雑貨,3879,0,320,0,Tuesday,3,26.6,27.9
2026-03-18,SKU033,雑貨,3879,0,0,0,Wednesday,3,26.1,27.8
2026-03-19,SKU033,雑貨,3879,0,2215,0,Thursday,3,25.0,27.6
2026-03-20,SKU033,雑貨,3879,20,0,0,Friday,3,25.6,27.5
2026-03-21,SKU033,雑貨,3879,5,1105,1,Saturday,3,26.3,27.4
2026-03-22,SKU033,雑貨,3879,0,0,0,Sunday,3,29.6,28.2
2026-03-23,SKU033,雑貨,3879,10,0,0,Monday,3,30.1,28.7
2026-03-24,SKU033,雑貨,3879,30,0,0,Tuesday,3,30.7,28.6
2026-03-25,SKU033,雑貨,3879,0,0,0,Wednesday,3,32.1,28.7
2026-03-26,SKU033,雑貨,3879,0,0,1,Thursday,3,32.3,28.6
2026-03-27,SKU033,雑貨,3879,15,166,0,Friday,3,34.0,29.1
2026-03-28,SKU033,雑貨,3879,20,3122,0,Saturday,3,33.6,29.2
2026-03-29,SKU033,雑貨,3879,0,0,0,Sunday,3,32.7,30.0
2026-03-30,SKU033,雑貨,3879,0,0,0,Monday,3,32.0,30.3
2026-03-31,SKU033,雑貨,3879,0,1384,1,Tuesday,3,30.9,30.0
2026-03-01,SKU034,アパレル,5683,30,0,1,Sunday,3,29.0,28.7
2026-03-02,SKU034,アパレル,5683,0,1369,0,Monday,3,35.4,30.4
2026-03-03,SKU034,アパレル,5683,0,0,0,Tuesday,3,36.7,30.3
2026-03-04,SKU034,アパレル,5683,0,1359,1,Wednesday,3,35.6,30.2
2026-03-05,SKU034,アパレル,5683,0,372,0,Thursday,3,38.0,31.0
2026-03-06,SKU034,アパレル,5683,0,1412,0,Friday,3,39.7,31.4
2026-03-07,SKU034,アパレル,5683,0,0,0,Saturday,3,38.7,31.2
2026-03-08,SKU034,アパレル,5683,0,0,0,Sunday,3,40.4,31.8
2026-03-09,SKU034,アパレル,5683,0,1358,0,Monday,3,34.7,32.0
2026-03-10,SKU034,アパレル,5683,20,671,0,Tuesday,3,34.0,31.8
2026-03-11,SKU034,アパレル,5683,0,240,0,Wednesday,3,34.6,32.0
2026-03-12,SKU034,アパレル,5683,5,29712,0,Thursday,3,31.6,32.0
2026-03-13,SKU034,アパレル,5683,0,0,0,Friday,3,31.1,32.1
2026-03-14,SKU034,アパレル,5683,0,0,1,Saturday,3,32.1,32.2
2026-03-15,SKU034,アパレル,5683,10,1231,0,Sunday,3,34.7,33.3
2026-03-16,SKU034,アパレル,5683,30,0,0,Monday,3,35.6,33.7
2026-03-17,SKU034,アパレル,5683,0,448,0,Tuesday,3,37.6,33.8
2026-03-18,SKU034,アパレル,5683,0,2234,0,Wednesday,3,37.0,33.8
2026-03-19,SKU034,アパレル,5683,0,0,0,Thursday,3,37.7,33.7
2026-03-20,SKU034,アパレル,5683,0,747,0,Friday,3,37.6,33.6
2026-03-21,SKU034,アパレル,5683,0,0,0,Saturday,3,37.4,33.7
2026-03-22,SKU034,アパレル,5683,0,0,0,Sunday,3,34.7,34.3
2026-03-23,SKU034,アパレル,5683,5,938,0,Monday,3,33.7,34.6
2026-03-24,SKU034,アパレル,5683,10,1581,0,Tuesday,3,32.3,34.5
2026-03-25,SKU034,アパレル,5683,0,0,1,Wednesday,3,31.4,34.5
2026-03-26,SKU034,アパレル,5683,0,0,0,Thursday,3,33.3,35.1
2026-03-27,SKU034,アパレル,5683,0,0,0,Friday,3,33.4,34.7
2026-03-28,SKU034,アパレル,5683,0,0,0,Saturday,3,33.7,34.8
2026-03-29,SKU034,アパレル,5683,15,0,0,Sunday,3,33.4,35.5
2026-03-30,SKU034,アパレル,5683,0,12119,1,Monday,3,34.7,35.8
2026-03-31,SKU034,アパレル,5683,0,91238,0,Tuesday,3,37.7,36.6
2026-03-01,SKU035,食品,3056,0,0,1,Sunday,3,63.7,61.7
2026-03-02,SKU035,食品,3056,0,0,1,Monday,3,66.3,63.4
2026-03-03,SKU035,食品,3056,5,0,0,Tuesday,3,71.9,64.4
2026-03-04,SKU035,食品,3056,10,0,0,Wednesday,3,72.6,64.7
2026-03-05,SKU035,食品,3056,5,0,1,Thursday,3,73.9,64.5
2026-03-06,SKU035,食品,3056,10,0,0,Friday,3,74.4,65.3
2026-03-07,SKU035,食品,3056,0,0,0,Saturday,3,74.4,65.3
2026-03-08,SKU035,食品,3056,15,0,0,Sunday,3,76.7,66.4
2026-03-09,SKU035,食品,3056,0,916,0,Monday,3,74.1,67.5
2026-03-10,SKU035,食品,3056,5,2891,0,Tuesday,3,70.7,67.1
2026-03-11,SKU035,食品,3056,0,1445,0,Wednesday,3,70.0,66.9
2026-03-12,SKU035,食品,3056,5,0,0,Thursday,3,68.4,66.5
2026-03-13,SKU035,食品,3056,5,0,0,Friday,3,65.3,66.4
2026-03-14,SKU035,食品,3056,0,370,0,Saturday,3,65.6,66.3
2026-03-15,SKU035,食品,3056,10,0,0,Sunday,3,66.6,67.7
2026-03-16,SKU035,食品,3056,0,3071,0,Monday,3,65.6,67.5
2026-03-17,SKU035,食品,3056,0,353,0,Tuesday,3,64.3,67.5
2026-03-18,SKU035,食品,3056,5,0,0,Wednesday,3,64.3,67.3
2026-03-19,SKU035,食品,3056,0,0,0,Thursday,3,65.6,66.5
2026-03-20,SKU035,食品,3056,10,0,0,Friday,3,65.1,66.9
2026-03-21,SKU035,食品,3056,0,0,0,Saturday,3,65.4,67.4
2026-03-22,SKU035,食品,3056,0,1496,0,Sunday,3,64.1,68.4
2026-03-23,SKU035,食品,3056,0,0,0,Monday,3,65.0,69.2
2026-03-24,SKU035,食品,3056,5,1429,0,Tuesday,3,64.6,67.7
2026-03-25,SKU035,食品,3056,0,0,1,Wednesday,3,64.7,67.0
2026-03-26,SKU035,食品,3056,5,0,0,Thursday,3,69.0,68.2
2026-03-27,SKU035,食品,3056,0,0,0,Friday,3,68.3,68.1
2026-03-28,SKU035,食品,3056,0,0,1,Saturday,3,68.6,68.8
2026-03-29,SKU035,食品,3056,5,0,0,Sunday,3,74.6,69.9
2026-03-30,SKU035,食品,3056,0,0,0,Monday,3,72.4,70.0
2026-03-31,SKU035,食品,3056,0,0,1,Tuesday,3,75.3,70.4
2026-03-01,SKU036,コスメ,2764,0,0,0,Sunday,3,12.9,11.8
2026-03-02,SKU036,コスメ,2764,0,2361,0,Monday,3,12.9,12.2
2026-03-03,SKU036,コスメ,2764,5,0,0,Tuesday,3,13.1,12.2
2026-03-04,SKU036,コスメ,2764,0,0,0,Wednesday,3,13.4,12.2
2026-03-05,SKU036,コスメ,2764,0,10503,0,Thursday,3,12.7,12.0
2026-03-06,SKU036,コスメ,2764,0,335,0,Friday,3,12.9,12.0
2026-03-07,SKU036,コスメ,2764,0,0,1,Saturday,3,11.9,11.9
2026-03-08,SKU036,コスメ,2764,0,0,0,Sunday,3,12.7,12.3
2026-03-09,SKU036,コスメ,2764,0,1135,0,Monday,3,12.0,12.4
2026-03-10,SKU036,コスメ,2764,0,0,0,Tuesday,3,11.7,12.2
2026-03-11,SKU036,コスメ,2764,0,2556,0,Wednesday,3,11.9,12.1
2026-03-12,SKU036,コスメ,2764,10,0,0,Thursday,3,11.9,12.1
2026-03-13,SKU036,コスメ,2764,0,0,0,Friday,3,12.6,12.1
2026-03-14,SKU036,コスメ,2764,0,3463,0,Saturday,3,12.6,12.1
2026-03-15,SKU036,コスメ,2764,5,153,0,Sunday,3,11.7,12.3
2026-03-16,SKU036,コスメ,2764,0,287,0,Monday,3,12.4,12.5
2026-03-17,SKU036,コスメ,2764,0,0,0,Tuesday,3,12.6,12.4
2026-03-18,SKU036,コスメ,2764,0,0,0,Wednesday,3,12.4,12.4
2026-03-19,SKU036,コスメ,2764,0,0,0,Thursday,3,12.3,12.4
2026-03-20,SKU036,コスメ,2764,0,538,0,Friday,3,12.1,12.4
2026-03-21,SKU036,コスメ,2764,0,2339,0,Saturday,3,12.1,12.4
2026-03-22,SKU036,コスメ,2764,5,417,0,Sunday,3,11.9,12.4
2026-03-23,SKU036,コスメ,2764,5,1004,0,Monday,3,11.3,12.4
2026-03-24,SKU036,コスメ,2764,30,148,1,Tuesday,3,11.7,12.3
2026-03-25,SKU036,コスメ,2764,0,0,0,Wednesday,3,13.0,12.5
2026-03-26,SKU036,コスメ,2764,10,0,0,Thursday,3,13.3,12.6
2026-03-27,SKU036,コスメ,2764,0,464,0,Friday,3,13.3,12.6
2026-03-28,SKU036,コスメ,2764,10,1035,0,Saturday,3,13.3,12.4
2026-03-29,SKU036,コスメ,2764,0,0,0,Sunday,3,13.4,12.6
2026-03-30,SKU036,コスメ,2764,0,0,0,Monday,3,13.4,12.5
2026-03-31,SKU036,コスメ,2764,0,0,1,Tuesday,3,13.0,12.4
2026-03-01,SKU037,コスメ,3627,0,0,0,Sunday,3,56.1,61.8
2026-03-02,SKU037,コスメ,3627,30,228,1,Monday,3,56.9,62.1
2026-03-03,SKU037,コスメ,3627,0,512,0,Tuesday,3,66.0,63.4
2026-03-04,SKU037,コスメ,3627,0,0,1,Wednesday,3,66.1,63.2
2026-03-05,SKU037,コスメ,3627,5,0,0,Thursday,3,69.7,64.1
2026-03-06,SKU037,コスメ,3627,0,206,1,Friday,3,67.3,64.5
2026-03-07,SKU037,コスメ,3627,0,0,0,Saturday,3,72.6,65.7
2026-03-08,SKU037,コスメ,3627,0,3953,0,Sunday,3,73.7,65.4
2026-03-09,SKU037,コスメ,3627,0,0,0,Monday,3,76.4,65.4
2026-03-10,SKU037,コスメ,3627,0,0,1,Tuesday,3,70.0,64.0
2026-03-11,SKU037,コスメ,3627,20,8550,0,Wednesday,3,74.3,64.8
2026-03-12,SKU037,コスメ,3627,0,3911,0,Thursday,3,72.7,65.1
2026-03-13,SKU037,コスメ,3627,15,0,0,Friday,3,73.3,66.1
2026-03-14,SKU037,コスメ,3627,5,0,0,Saturday,3,69.9,65.4
2026-03-15,SKU037,コスメ,3627,15,117,0,Sunday,3,70.1,65.3
2026-03-16,SKU037,コスメ,3627,20,5131,0,Monday,3,69.1,66.6
2026-03-17,SKU037,コスメ,3627,5,598,0,Tuesday,3,73.0,65.2
2026-03-18,SKU037,コスメ,3627,0,0,1,Wednesday,3,70.4,65.0
2026-03-19,SKU037,コスメ,3627,0,0,0,Thursday,3,73.9,66.6
2026-03-20,SKU037,コスメ,3627,0,4297,0,Friday,3,72.7,66.4
2026-03-21,SKU037,コスメ,3627,0,936,0,Saturday,3,72.0,66.5
2026-03-22,SKU037,コスメ,3627,0,0,0,Sunday,3,72.3,67.4
2026-03-23,SKU037,コスメ,3627,0,6184,0,Monday,3,74.0,68.8
2026-03-24,SKU037,コスメ,3627,30,1129,0,Tuesday,3,71.0,68.5
2026-03-25,SKU037,コスメ,3627,0,0,0,Wednesday,3,71.6,68.9
2026-03-26,SKU037,コスメ,3627,0,0,0,Thursday,3,65.9,69.5
2026-03-27,SKU037,コスメ,3627,0,0,0,Friday,3,65.6,69.5
2026-03-28,SKU037,コスメ,3627,0,278,0,Saturday,3,66.7,69.6
2026-03-29,SKU037,コスメ,3627,10,191,0,Sunday,3,64.6,69.2
2026-03-30,SKU037,コスメ,3627,0,0,0,Monday,3,63.9,70.5
2026-03-31,SKU037,コスメ,3627,5,651,1,Tuesday,3,63.0,70.1
2026-03-01,SKU038,食品,6085,0,0,0,Sunday,3,28.7,28.0
2026-03-02,SKU038,食品,6085,0,680,0,Monday,3,29.6,28.5
2026-03-03,SKU038,食品,6085,10,4320,0,Tuesday,3,30.0,28.4
2026-03-04,SKU038,食品,6085,0,0,1,Wednesday,3,29.1,28.1
2026-03-05,SKU038,食品,6085,10,0,0,Thursday,3,31.6,28.4
2026-03-06,SKU038,食品,6085,0,0,0,Friday,3,34.0,28.7
2026-03-07,SKU038,食品,6085,0,0,0,Saturday,3,35.0,28.9
2026-03-08,SKU038,食品,6085,0,606,0,Sunday,3,33.7,29.6
2026-03-09,SKU038,食品,6085,0,0,0,Monday,3,33.0,29.8
2026-03-10,SKU038,食品,6085,10,0,1,Tuesday,3,32.9,29.5
2026-03-11,SKU038,食品,6085,15,1935,0,Wednesday,3,34.1,29.7
2026-03-12,SKU038,食品,6085,0,0,1,Thursday,3,32.7,30.1
2026-03-13,SKU038,食品,6085,0,1353,0,Friday,3,34.4,30.9
2026-03-14,SKU038,食品,6085,0,577,0,Saturday,3,34.1,31.1
2026-03-15,SKU038,食品,6085,0,0,0,Sunday,3,33.3,31.1
2026-03-16,SKU038,食品,6085,0,0,0,Monday,3,33.6,31.3
2026-03-17,SKU038,食品,6085,15,3732,0,Tuesday,3,34.3,31.3
2026-03-18,SKU038,食品,6085,0,2496,0,Wednesday,3,32.4,30.8
2026-03-19,SKU038,食品,6085,10,0,0,Thursday,3,31.4,30.3
2026-03-20,SKU038,食品,6085,0,1777,0,Friday,3,28.0,30.1
2026-03-21,SKU038,食品,6085,0,0,0,Saturday,3,28.3,30.4
2026-03-22,SKU038,食品,6085,0,0,0,Sunday,3,29.4,30.9
2026-03-23,SKU038,食品,6085,0,1876,0,Monday,3,29.4,31.1
2026-03-24,SKU038,食品,6085,0,149,0,Tuesday,3,28.9,31.2
2026-03-25,SKU038,食品,6085,0,0,0,Wednesday,3,28.9,31.2
2026-03-26,SKU038,食品,6085,0,250,0,Thursday,3,30.1,31.4
2026-03-27,SKU038,食品,6085,0,0,0,Friday,3,30.9,31.1
2026-03-28,SKU038,食品,6085,0,0,0,Saturday,3,30.9,31.2
2026-03-29,SKU038,食品,6085,0,0,0,Sunday,3,30.1,31.8
2026-03-30,SKU038,食品,6085,0,0,0,Monday,3,31.1,32.4
2026-03-31,SKU038,食品,6085,0,3806,0,Tuesday,3,30.4,31.6
2026-03-01,SKU039,食品,2542,0,0,0,Sunday,3,11.0,10.6
2026-03-02,SKU039,食品,2542,0,578,0,Monday,3,10.9,10.7
2026-03-03,SKU039,食品,2542,0,753,0,Tuesday,3,10.4,10.7
2026-03-04,SKU039,食品,2542,0,9744,0,Wednesday,3,10.6,10.6
2026-03-05,SKU039,食品,2542,0,287,0,Thursday,3,10.4,10.6
2026-03-06,SKU039,食品,2542,10,1009,0,Friday,3,10.3,10.8
2026-03-07,SKU039,食品,2542,15,0,1,Saturday,3,10.0,10.8
2026-03-08,SKU039,食品,2542,30,233,1,Sunday,3,12.3,11.3
2026-03-09,SKU039,食品,2542,0,3182,0,Monday,3,14.4,11.8
2026-03-10,SKU039,食品,2542,0,0,1,Tuesday,3,14.7,11.7
2026-03-11,SKU039,食品,2542,0,719,0,Wednesday,3,15.4,11.8
2026-03-12,SKU039,食品,2542,5,0,0,Thursday,3,15.9,11.8
2026-03-13,SKU039,食品,2542,0,0,0,Friday,3,15.4,11.9
2026-03-14,SKU039,食品,2542,5,0,0,Saturday,3,16.0,11.9
2026-03-15,SKU039,食品,2542,0,1188,1,Sunday,3,14.4,12.2
2026-03-16,SKU039,食品,2542,0,0,0,Monday,3,12.9,12.4
2026-03-17,SKU039,食品,2542,0,0,0,Tuesday,3,12.6,12.3
2026-03-18,SKU039,食品,2542,0,0,0,Wednesday,3,12.1,12.3
2026-03-19,SKU039,食品,2542,0,0,0,Thursday,3,12.1,12.4
2026-03-20,SKU039,食品,2542,0,1649,1,Friday,3,12.1,12.5
2026-03-21,SKU039,食品,2542,5,0,0,Saturday,3,13.0,12.5
2026-03-22,SKU039,食品,2542,0,0,1,Sunday,3,13.0,12.7
2026-03-23,SKU039,食品,2542,15,704,0,Monday,3,13.6,12.9
2026-03-24,SKU039,食品,2542,0,0,0,Tuesday,3,13.9,12.9
2026-03-25,SKU039,食品,2542,0,0,0,Wednesday,3,13.7,12.8
2026-03-26,SKU039,食品,2542,20,0,0,Thursday,3,13.6,12.7
2026-03-27,SKU039,食品,2542,0,0,0,Friday,3,13.7,12.8
2026-03-28,SKU039,食品,2542,0,3109,1,Saturday,3,12.7,12.8
2026-03-29,SKU039,食品,2542,0,2566,0,Sunday,3,13.4,13.0
2026-03-30,SKU039,食品,2542,0,0,0,Monday,3,12.1,13.1
2026-03-31,SKU039,食品,2542,0,440,1,Tuesday,3,12.3,13.2
2026-03-01,SKU040,雑貨,4160,0,0,0,Sunday,3,71.4,63.8
2026-03-02,SKU040,雑貨,4160,0,611,0,Monday,3,67.7,65.5
2026-03-03,SKU040,雑貨,4160,30,57,0,Tuesday,3,69.1,65.6
2026-03-04,SKU040,雑貨,4160,5,0,0,Wednesday,3,73.3,65.9
2026-03-05,SKU040,雑貨,4160,0,0,0,Thursday,3,75.6,67.0
2026-03-06,SKU040,雑貨,4160,0,0,0,Friday,3,69.1,66.9
2026-03-07,SKU040,雑貨,4160,0,0,0,Saturday,3,69.7,67.4
2026-03-08,SKU040,雑貨,4160,15,2530,0,Sunday,3,68.6,68.5
2026-03-09,SKU040,雑貨,4160,0,0,0,Monday,3,72.0,70.2
2026-03-10,SKU040,雑貨,4160,0,473,0,Tuesday,3,69.1,69.6
2026-03-11,SKU040,雑貨,4160,0,0,0,Wednesday,3,66.4,69.6
2026-03-12,SKU040,雑貨,4160,0,0,0,Thursday,3,64.6,68.6
2026-03-13,SKU040,雑貨,4160,0,1107,0,Friday,3,67.0,68.9
2026-03-14,SKU040,雑貨,4160,15,1622,0,Saturday,3,64.7,68.7
2026-03-15,SKU040,雑貨,4160,10,0,0,Sunday,3,66.9,69.0
2026-03-16,SKU040,雑貨,4160,0,0,1,Monday,3,63.4,69.6
2026-03-17,SKU040,雑貨,4160,0,1150,0,Tuesday,3,69.3,69.8
2026-03-18,SKU040,雑貨,4160,10,0,0,Wednesday,3,68.1,68.9
2026-03-19,SKU040,雑貨,4160,0,1631,0,Thursday,3,67.4,68.8
2026-03-20,SKU040,雑貨,4160,15,8106,0,Friday,3,65.4,67.2
2026-03-21,SKU040,雑貨,4160,5,745,0,Saturday,3,67.1,66.3
2026-03-22,SKU040,雑貨,4160,0,0,0,Sunday,3,67.9,67.7
2026-03-23,SKU040,雑貨,4160,15,0,0,Monday,3,68.3,68.5
2026-03-24,SKU040,雑貨,4160,0,0,0,Tuesday,3,64.1,68.8
2026-03-25,SKU040,雑貨,4160,0,0,1,Wednesday,3,64.7,67.3
2026-03-26,SKU040,雑貨,4160,5,0,0,Thursday,3,69.6,68.2
2026-03-27,SKU040,雑貨,4160,0,0,0,Friday,3,71.9,68.8
2026-03-28,SKU040,雑貨,4160,0,1482,0,Saturday,3,72.6,69.1
2026-03-29,SKU040,雑貨,4160,0,0,1,Sunday,3,69.4,68.3
2026-03-30,SKU040,雑貨,4160,0,0,0,Monday,3,74.7,70.0
2026-03-31,SKU040,雑貨,4160,5,958,0,Tuesday,3,74.1,69.4
2026-03-01,SKU041,アパレル,4092,0,0,0,Sunday,3,14.6,16.0
2026-03-02,SKU041,アパレル,4092,0,0,0,Monday,3,15.0,16.2
2026-03-03,SKU041,アパレル,4092,30,0,0,Tuesday,3,15.1,16.1
2026-03-04,SKU041,アパレル,4092,0,5774,0,Wednesday,3,15.6,16.0
2026-03-05,SKU041,アパレル,4092,0,0,0,Thursday,3,15.3,16.1
2026-03-06,SKU041,アパレル,4092,0,0,0,Friday,3,16.1,16.2
2026-03-07,SKU041,アパレル,4092,5,0,0,Saturday,3,16.9,16.4
2026-03-08,SKU041,アパレル,4092,0,223,1,Sunday,3,16.7,16.5
2026-03-09,SKU041,アパレル,4092,10,0,0,Monday,3,18.6,17.0
2026-03-10,SKU041,アパレル,4092,0,0,0,Tuesday,3,18.1,16.6
2026-03-11,SKU041,アパレル,4092,0,392,0,Wednesday,3,17.9,16.6
2026-03-12,SKU041,アパレル,4092,0,0,0,Thursday,3,18.0,16.4
2026-03-13,SKU041,アパレル,4092,15,3800,0,Friday,3,17.9,16.4
2026-03-14,SKU041,アパレル,4092,0,0,0,Saturday,3,17.9,16.5
2026-03-15,SKU041,アパレル,4092,0,0,0,Sunday,3,19.0,16.9
2026-03-16,SKU041,アパレル,4092,0,205,1,Monday,3,17.6,17.1
2026-03-17,SKU041,アパレル,4092,0,0,0,Tuesday,3,18.6,16.9
2026-03-18,SKU041,アパレル,4092,0,1219,0,Wednesday,3,18.4,16.7
2026-03-19,SKU041,アパレル,4092,0,5959,0,Thursday,3,18.0,16.6
2026-03-20,SKU041,アパレル,4092,5,0,0,Friday,3,17.9,16.7
2026-03-21,SKU041,アパレル,4092,0,0,1,Saturday,3,17.7,16.7
2026-03-22,SKU041,アパレル,4092,15,0,0,Sunday,3,18.7,17.2
2026-03-23,SKU041,アパレル,4092,5,0,0,Monday,3,18.9,17.4
2026-03-24,SKU041,アパレル,4092,0,0,0,Tuesday,3,17.9,17.3
2026-03-25,SKU041,アパレル,4092,0,10316,0,Wednesday,3,17.3,17.2
2026-03-26,SKU041,アパレル,4092,0,5359,0,Thursday,3,18.0,17.2
2026-03-27,SKU041,アパレル,4092,0,0,0,Friday,3,18.1,17.2
2026-03-28,SKU041,アパレル,4092,0,0,0,Saturday,3,17.7,17.1
2026-03-29,SKU041,アパレル,4092,0,0,0,Sunday,3,15.7,17.3
2026-03-30,SKU041,アパレル,4092,0,420,0,Monday,3,15.3,17.6
2026-03-31,SKU041,アパレル,4092,15,0,0,Tuesday,3,15.3,17.5
2026-03-01,SKU042,食品,3587,0,802,0,Sunday,3,61.4,59.3
2026-03-02,SKU042,食品,3587,0,0,1,Monday,3,60.3,59.7
2026-03-03,SKU042,食品,3587,0,0,0,Tuesday,3,64.0,60.3
2026-03-04,SKU042,食品,3587,0,468,1,Wednesday,3,65.0,59.6
2026-03-05,SKU042,食品,3587,0,0,1,Thursday,3,69.6,60.9
2026-03-06,SKU042,食品,3587,0,936,0,Friday,3,66.3,62.3
2026-03-07,SKU042,食品,3587,0,0,0,Saturday,3,69.4,62.4
2026-03-08,SKU042,食品,3587,15,0,0,Sunday,3,69.6,63.2
2026-03-09,SKU042,食品,3587,0,392,0,Monday,3,71.4,64.3
2026-03-10,SKU042,食品,3587,0,0,0,Tuesday,3,68.1,64.3
2026-03-11,SKU042,食品,3587,0,0,0,Wednesday,3,69.3,63.3
2026-03-12,SKU042,食品,3587,15,0,0,Thursday,3,64.3,62.8
2026-03-13,SKU042,食品,3587,5,0,0,Friday,3,62.9,62.9
2026-03-14,SKU042,食品,3587,0,0,0,Saturday,3,62.9,63.1
2026-03-15,SKU042,食品,3587,0,0,0,Sunday,3,64.7,62.1
2026-03-16,SKU042,食品,3587,0,0,1,Monday,3,64.0,63.2
2026-03-17,SKU042,食品,3587,0,716,0,Tuesday,3,66.1,64.0
2026-03-18,SKU042,食品,3587,0,0,0,Wednesday,3,64.6,63.7
2026-03-19,SKU042,食品,3587,0,1690,0,Thursday,3,66.3,64.2
2026-03-20,SKU042,食品,3587,0,1099,0,Friday,3,64.7,64.5
2026-03-21,SKU042,食品,3587,0,0,0,Saturday,3,65.4,64.8
2026-03-22,SKU042,食品,3587,0,0,0,Sunday,3,63.9,65.1
2026-03-23,SKU042,食品,3587,5,0,0,Monday,3,63.4,65.5
2026-03-24,SKU042,食品,3587,0,351,0,Tuesday,3,60.9,65.0
2026-03-25,SKU042,食品,3587,0,0,0,Wednesday,3,59.6,63.8
2026-03-26,SKU042,食品,3587,0,0,0,Thursday,3,59.6,63.9
2026-03-27,SKU042,食品,3587,15,0,1,Friday,3,59.7,64.4
2026-03-28,SKU042,食品,3587,15,0,0,Saturday,3,65.4,65.8
2026-03-29,SKU042,食品,3587,0,6117,0,Sunday,3,68.4,65.3
2026-03-30,SKU042,食品,3587,30,798,0,Monday,3,68.1,66.6
2026-03-31,SKU042,食品,3587,0,0,0,Tuesday,3,70.4,67.1
2026-03-01,SKU043,アパレル,6110,0,0,0,Sunday,3,36.7,34.8
2026-03-02,SKU043,アパレル,6110,0,0,0,Monday,3,36.4,35.4
2026-03-03,SKU043,アパレル,6110,30,1231,0,Tuesday,3,34.9,35.5
2026-03-04,SKU043,アパレル,6110,0,0,0,Wednesday,3,36.3,35.6
2026-03-05,SKU043,アパレル,6110,10,0,0,Thursday,3,34.4,35.6
2026-03-06,SKU043,アパレル,6110,10,0,0,Friday,3,33.7,35.6
2026-03-07,SKU043,アパレル,6110,0,0,0,Saturday,3,35.4,35.7
2026-03-08,SKU043,アパレル,6110,20,3148,0,Sunday,3,36.3,36.0
2026-03-09,SKU043,アパレル,6110,0,0,0,Monday,3,37.4,36.8
2026-03-10,SKU043,アパレル,6110,0,0,1,Tuesday,3,38.3,35.9
2026-03-11,SKU043,アパレル,6110,0,0,0,Wednesday,3,38.9,36.4
2026-03-12,SKU043,アパレル,6110,0,945,0,Thursday,3,40.1,36.4
2026-03-13,SKU043,アパレル,6110,0,612,0,Friday,3,40.7,36.4
2026-03-14,SKU043,アパレル,6110,0,63,1,Saturday,3,40.9,36.6
2026-03-15,SKU043,アパレル,6110,0,0,0,Sunday,3,42.7,36.8
2026-03-16,SKU043,アパレル,6110,5,0,0,Monday,3,41.7,37.5
2026-03-17,SKU043,アパレル,6110,0,85,1,Tuesday,3,41.6,36.8
2026-03-18,SKU043,アパレル,6110,0,0,0,Wednesday,3,42.1,37.2
2026-03-19,SKU043,アパレル,6110,0,9726,0,Thursday,3,41.6,37.4
2026-03-20,SKU043,アパレル,6110,0,0,0,Friday,3,40.7,37.2
2026-03-21,SKU043,アパレル,6110,0,0,0,Saturday,3,40.3,37.8
2026-03-22,SKU043,アパレル,6110,0,971,0,Sunday,3,37.1,38.0
2026-03-23,SKU043,アパレル,6110,0,0,0,Monday,3,36.3,38.3
2026-03-24,SKU043,アパレル,6110,5,0,0,Tuesday,3,36.4,38.1
2026-03-25,SKU043,アパレル,6110,0,745,0,Wednesday,3,34.7,38.0
2026-03-26,SKU043,アパレル,6110,0,1307,0,Thursday,3,35.3,37.8
2026-03-27,SKU043,アパレル,6110,0,1454,0,Friday,3,36.1,37.7
2026-03-28,SKU043,アパレル,6110,0,637,1,Saturday,3,35.4,37.5
2026-03-29,SKU043,アパレル,6110,15,488,0,Sunday,3,39.3,38.4
2026-03-30,SKU043,アパレル,6110,0,1246,0,Monday,3,40.9,39.2
2026-03-31,SKU043,アパレル,6110,15,0,0,Tuesday,3,39.6,38.8
2026-03-01,SKU044,コスメ,3734,0,0,0,Sunday,3,52.7,52.0
2026-03-02,SKU044,コスメ,3734,0,4354,0,Monday,3,53.1,52.9
2026-03-03,SKU044,コスメ,3734,0,0,1,Tuesday,3,52.3,53.1
2026-03-04,SKU044,コスメ,3734,0,0,0,Wednesday,3,55.6,53.7
2026-03-05,SKU044,コスメ,3734,15,400,0,Thursday,3,58.1,54.4
2026-03-06,SKU044,コスメ,3734,0,914,0,Friday,3,62.0,54.9
2026-03-07,SKU044,コスメ,3734,0,431,0,Saturday,3,64.4,55.3
2026-03-08,SKU044,コスメ,3734,0,0,0,Sunday,3,66.1,56.2
2026-03-09,SKU044,コスメ,3734,0,0,0,Monday,3,65.4,57.0
2026-03-10,SKU044,コスメ,3734,0,0,0,Tuesday,3,64.0,55.5
2026-03-11,SKU044,コスメ,3734,0,0,0,Wednesday,3,60.7,55.4
2026-03-12,SKU044,コスメ,3734,15,0,0,Thursday,3,58.7,55.5
2026-03-13,SKU044,コスメ,3734,5,0,0,Friday,3,57.3,56.0
2026-03-14,SKU044,コスメ,3734,0,549,0,Saturday,3,56.1,56.1
2026-03-15,SKU044,コスメ,3734,20,0,0,Sunday,3,55.0,56.4
2026-03-16,SKU044,コスメ,3734,0,291,0,Monday,3,56.6,57.2
2026-03-17,SKU044,コスメ,3734,0,0,0,Tuesday,3,57.3,56.9
2026-03-18,SKU044,コスメ,3734,0,0,0,Wednesday,3,56.3,56.8
2026-03-19,SKU044,コスメ,3734,0,0,1,Thursday,3,56.1,55.9
2026-03-20,SKU044,コスメ,3734,0,0,0,Friday,3,59.0,57.2
2026-03-21,SKU044,コスメ,3734,5,89,0,Saturday,3,58.1,56.4
2026-03-22,SKU044,コスメ,3734,30,0,0,Sunday,3,57.7,57.0
2026-03-23,SKU044,コスメ,3734,0,1044,0,Monday,3,60.3,59.1
2026-03-24,SKU044,コスメ,3734,0,0,1,Tuesday,3,61.0,58.8
2026-03-25,SKU044,コスメ,3734,0,1374,0,Wednesday,3,64.6,59.3
2026-03-26,SKU044,コスメ,3734,0,1083,0,Thursday,3,66.4,59.2
2026-03-27,SKU044,コスメ,3734,0,340,0,Friday,3,63.3,59.0
2026-03-28,SKU044,コスメ,3734,10,0,0,Saturday,3,65.4,59.8
2026-03-29,SKU044,コスメ,3734,0,1003,0,Sunday,3,68.1,61.3
2026-03-30,SKU044,コスメ,3734,0,0,0,Monday,3,63.9,61.7
2026-03-31,SKU044,コスメ,3734,0,2208,0,Tuesday,3,63.6,61.4
2026-03-01,SKU045,アパレル,3346,0,0,0,Sunday,3,57.4,58.1
2026-03-02,SKU045,アパレル,3346,0,1081,0,Monday,3,55.7,58.8
2026-03-03,SKU045,アパレル,3346,5,0,0,Tuesday,3,56.6,57.7
2026-03-04,SKU045,アパレル,3346,0,0,0,Wednesday,3,57.9,58.2
2026-03-05,SKU045,アパレル,3346,0,0,0,Thursday,3,58.7,58.0
2026-03-06,SKU045,アパレル,3346,10,677,0,Friday,3,58.6,57.6
2026-03-07,SKU045,アパレル,3346,0,0,0,Saturday,3,56.9,57.4
2026-03-08,SKU045,アパレル,3346,0,0,0,Sunday,3,58.6,58.3
2026-03-09,SKU045,アパレル,3346,0,0,0,Monday,3,58.4,59.1
2026-03-10,SKU045,アパレル,3346,20,0,0,Tuesday,3,57.6,58.0
2026-03-11,SKU045,アパレル,3346,0,3215,0,Wednesday,3,58.7,58.4
2026-03-12,SKU045,アパレル,3346,10,0,0,Thursday,3,57.9,58.1
2026-03-13,SKU045,アパレル,3346,5,817,1,Friday,3,58.3,57.8
2026-03-14,SKU045,アパレル,3346,0,0,0,Saturday,3,63.3,58.5
2026-03-15,SKU045,アパレル,3346,0,1348,0,Sunday,3,64.1,59.8
2026-03-16,SKU045,アパレル,3346,30,2220,0,Monday,3,64.7,60.1
2026-03-17,SKU045,アパレル,3346,5,1271,0,Tuesday,3,66.4,60.1
2026-03-18,SKU045,アパレル,3346,5,0,0,Wednesday,3,63.4,59.7
2026-03-19,SKU045,アパレル,3346,5,0,0,Thursday,3,65.0,59.9
2026-03-20,SKU045,アパレル,3346,0,2673,0,Friday,3,65.9,60.0
2026-03-21,SKU045,アパレル,3346,0,0,0,Saturday,3,62.1,59.1
2026-03-22,SKU045,アパレル,3346,0,0,0,Sunday,3,62.0,60.0
2026-03-23,SKU045,アパレル,3346,0,3679,1,Monday,3,64.0,61.0
2026-03-24,SKU045,アパレル,3346,0,0,0,Tuesday,3,67.0,61.9
2026-03-25,SKU045,アパレル,3346,0,1888,1,Wednesday,3,64.3,60.5
2026-03-26,SKU045,アパレル,3346,20,1722,1,Thursday,3,67.9,61.8
2026-03-27,SKU045,アパレル,3346,15,0,0,Friday,3,74.0,63.3
2026-03-28,SKU045,アパレル,3346,0,261,0,Saturday,3,75.9,63.9
2026-03-29,SKU045,アパレル,3346,0,0,0,Sunday,3,75.9,64.8
2026-03-30,SKU045,アパレル,3346,0,0,0,Monday,3,76.9,65.7
2026-03-31,SKU045,アパレル,3346,0,0,0,Tuesday,3,73.6,65.7
2026-03-01,SKU046,家電,3526,10,1327,0,Sunday,3,55.0,53.9
2026-03-02,SKU046,家電,3526,5,0,0,Monday,3,56.7,54.6
2026-03-03,SKU046,家電,3526,10,0,0,Tuesday,3,58.3,54.7
2026-03-04,SKU046,家電,3526,0,0,0,Wednesday,3,57.4,54.4
2026-03-05,SKU046,家電,3526,0,3277,0,Thursday,3,56.7,54.9
2026-03-06,SKU046,家電,3526,20,4319,0,Friday,3,57.9,54.7
2026-03-07,SKU046,家電,3526,0,2078,0,Saturday,3,61.7,55.8
2026-03-08,SKU046,家電,3526,0,0,0,Sunday,3,62.6,56.9
2026-03-09,SKU046,家電,3526,0,16342,0,Monday,3,62.9,56.9
2026-03-10,SKU046,家電,3526,0,475,0,Tuesday,3,61.3,55.7
2026-03-11,SKU046,家電,3526,0,211,0,Wednesday,3,61.0,55.3
2026-03-12,SKU046,家電,3526,5,1294,1,Thursday,3,59.7,55.1
2026-03-13,SKU046,家電,3526,0,1896,0,Friday,3,65.1,56.8
2026-03-14,SKU046,家電,3526,20,0,0,Saturday,3,61.9,56.7
2026-03-15,SKU046,家電,3526,0,829,0,Sunday,3,64.0,58.1
2026-03-16,SKU046,家電,3526,0,0,0,Monday,3,64.7,58.9
2026-03-17,SKU046,家電,3526,0,0,0,Tuesday,3,62.3,58.0
2026-03-18,SKU046,家電,3526,0,0,0,Wednesday,3,64.6,58.2
2026-03-19,SKU046,家電,3526,0,4177,0,Thursday,3,65.0,58.2
2026-03-20,SKU046,家電,3526,0,0,0,Friday,3,60.0,58.5
2026-03-21,SKU046,家電,3526,10,0,0,Saturday,3,60.3,58.4
2026-03-22,SKU046,家電,3526,10,0,0,Sunday,3,58.9,59.6
2026-03-23,SKU046,家電,3526,0,2783,0,Monday,3,58.1,60.1
2026-03-24,SKU046,家電,3526,0,0,0,Tuesday,3,59.3,59.7
2026-03-25,SKU046,家電,3526,0,0,0,Wednesday,3,55.9,59.5
2026-03-26,SKU046,家電,3526,0,1098,0,Thursday,3,55.1,59.4
2026-03-27,SKU046,家電,3526,5,0,0,Friday,3,54.3,59.1
2026-03-28,SKU046,家電,3526,0,90,0,Saturday,3,56.0,59.0
2026-03-29,SKU046,家電,3526,0,0,0,Sunday,3,55.3,59.8
2026-03-30,SKU046,家電,3526,0,497,1,Monday,3,56.1,60.7
2026-03-31,SKU046,家電,3526,0,0,0,Tuesday,3,61.3,61.2
2026-03-01,SKU047,雑貨,1021,0,0,0,Sunday,3,52.3,50.2
2026-03-02,SKU047,雑貨,1021,0,5553,0,Monday,3,51.6,51.3
2026-03-03,SKU047,雑貨,1021,0,0,0,Tuesday,3,51.9,51.8
2026-03-04,SKU047,雑貨,1021,0,0,0,Wednesday,3,49.4,51.6
2026-03-05,SKU047,雑貨,1021,0,0,0,Thursday,3,46.1,50.5
2026-03-06,SKU047,雑貨,1021,0,375,0,Friday,3,44.9,49.4
2026-03-07,SKU047,雑貨,1021,0,0,0,Saturday,3,46.9,49.6
2026-03-08,SKU047,雑貨,1021,0,0,0,Sunday,3,46.6,50.0
2026-03-09,SKU047,雑貨,1021,0,0,0,Monday,3,47.9,50.5
2026-03-10,SKU047,雑貨,1021,0,0,0,Tuesday,3,49.1,51.0
2026-03-11,SKU047,雑貨,1021,0,0,0,Wednesday,3,49.6,50.9
2026-03-12,SKU047,雑貨,1021,0,7019,0,Thursday,3,50.1,49.8
2026-03-13,SKU047,雑貨,1021,0,363,0,Friday,3,52.6,49.8
2026-03-14,SKU047,雑貨,1021,5,0,0,Saturday,3,51.4,49.9
2026-03-15,SKU047,雑貨,1021,15,0,0,Sunday,3,50.3,50.5
2026-03-16,SKU047,雑貨,1021,0,0,0,Monday,3,52.1,51.4
2026-03-17,SKU047,雑貨,1021,0,740,0,Tuesday,3,51.6,51.1
2026-03-18,SKU047,雑貨,1021,0,0,1,Wednesday,3,51.0,50.2
2026-03-19,SKU047,雑貨,1021,0,0,0,Thursday,3,55.9,51.2
2026-03-20,SKU047,雑貨,1021,10,0,0,Friday,3,55.3,50.9
2026-03-21,SKU047,雑貨,1021,0,107,1,Saturday,3,54.7,51.0
2026-03-22,SKU047,雑貨,1021,0,0,0,Sunday,3,61.1,52.9
2026-03-23,SKU047,雑貨,1021,0,0,1,Monday,3,58.9,52.9
2026-03-24,SKU047,雑貨,1021,0,1331,0,Tuesday,3,63.7,53.8
2026-03-25,SKU047,雑貨,1021,0,0,0,Wednesday,3,63.4,53.4
2026-03-26,SKU047,雑貨,1021,0,0,0,Thursday,3,59.4,53.3
2026-03-27,SKU047,雑貨,1021,0,0,0,Friday,3,57.0,52.3
2026-03-28,SKU047,雑貨,1021,0,0,0,Saturday,3,58.3,52.1
2026-03-29,SKU047,雑貨,1021,0,0,0,Sunday,3,53.4,52.7
2026-03-30,SKU047,雑貨,1021,0,2965,0,Monday,3,53.6,53.4
2026-03-31,SKU047,雑貨,1021,0,0,1,Tuesday,3,48.0,52.8
2026-03-01,SKU048,雑貨,3309,0,342,0,Sunday,3,63.4,62.2
2026-03-02,SKU048,雑貨,3309,0,866,1,Monday,3,64.3,62.8
2026-03-03,SKU048,雑貨,3309,10,0,0,Tuesday,3,69.1,63.5
2026-03-04,SKU048,雑貨,3309,0,0,0,Wednesday,3,64.1,63.0
2026-03-05,SKU048,雑貨,3309,10,0,0,Thursday,3,63.7,62.9
2026-03-06,SKU048,雑貨,3309,0,0,0,Friday,3,58.7,62.6
2026-03-07,SKU048,雑貨,3309,10,0,0,Saturday,3,58.6,62.5
2026-03-08,SKU048,雑貨,3309,15,0,0,Sunday,3,61.1,64.0
2026-03-09,SKU048,雑貨,3309,5,4888,1,Monday,3,63.9,65.5
2026-03-10,SKU048,雑貨,3309,0,3321,0,Tuesday,3,65.9,66.2
2026-03-11,SKU048,雑貨,3309,0,4892,0,Wednesday,3,65.1,64.8
2026-03-12,SKU048,雑貨,3309,0,0,0,Thursday,3,66.6,65.0
2026-03-13,SKU048,雑貨,3309,30,9737,0,Friday,3,68.0,64.9
2026-03-14,SKU048,雑貨,3309,5,0,0,Saturday,3,70.9,64.9
2026-03-15,SKU048,雑貨,3309,0,1393,1,Sunday,3,68.3,65.9
2026-03-16,SKU048,雑貨,3309,0,1631,0,Monday,3,71.4,66.9
2026-03-17,SKU048,雑貨,3309,0,23126,0,Tuesday,3,65.7,66.6
2026-03-18,SKU048,雑貨,3309,0,0,0,Wednesday,3,68.0,64.3
2026-03-19,SKU048,雑貨,3309,0,0,0,Thursday,3,67.7,64.5
2026-03-20,SKU048,雑貨,3309,0,0,0,Friday,3,70.9,65.4
2026-03-21,SKU048,雑貨,3309,10,0,0,Saturday,3,68.1,64.9
2026-03-22,SKU048,雑貨,3309,5,0,0,Sunday,3,70.4,66.5
2026-03-23,SKU048,雑貨,3309,5,293,0,Monday,3,64.6,66.9
2026-03-24,SKU048,雑貨,3309,0,0,0,Tuesday,3,66.7,66.2
2026-03-25,SKU048,雑貨,3309,0,827,0,Wednesday,3,66.4,66.0
2026-03-26,SKU048,雑貨,3309,0,0,0,Thursday,3,64.7,65.9
2026-03-27,SKU048,雑貨,3309,15,0,0,Friday,3,62.6,64.9
2026-03-28,SKU048,雑貨,3309,20,0,0,Saturday,3,66.3,65.5
2026-03-29,SKU048,雑貨,3309,0,0,0,Sunday,3,65.9,66.0
2026-03-30,SKU048,雑貨,3309,0,0,0,Monday,3,65.4,66.8
2026-03-31,SKU048,雑貨,3309,0,2669,0,Tuesday,3,62.6,66.0
2026-03-01,SKU049,アパレル,1921,0,0,1,Sunday,3,49.3,48.5
2026-03-02,SKU049,アパレル,1921,10,0,0,Monday,3,50.0,49.9
2026-03-03,SKU049,アパレル,1921,0,0,0,Tuesday,3,51.4,49.8
2026-03-04,SKU049,アパレル,1921,30,0,0,Wednesday,3,50.6,49.5
2026-03-05,SKU049,アパレル,1921,0,0,0,Thursday,3,50.6,49.7
2026-03-06,SKU049,アパレル,1921,0,0,0,Friday,3,50.4,49.6
2026-03-07,SKU049,アパレル,1921,0,0,1,Saturday,3,52.9,49.6
2026-03-08,SKU049,アパレル,1921,0,0,0,Sunday,3,57.7,51.1
2026-03-09,SKU049,アパレル,1921,0,479,0,Monday,3,55.3,52.0
2026-03-10,SKU049,アパレル,1921,0,0,0,Tuesday,3,55.3,51.7
2026-03-11,SKU049,アパレル,1921,5,0,1,Wednesday,3,55.3,51.4
2026-03-12,SKU049,アパレル,1921,0,346,0,Thursday,3,57.6,52.2
2026-03-13,SKU049,アパレル,1921,5,622,0,Friday,3,58.0,52.1
2026-03-14,SKU049,アパレル,1921,0,0,0,Saturday,3,57.6,51.7
2026-03-15,SKU049,アパレル,1921,5,5706,0,Sunday,3,53.3,52.4
2026-03-16,SKU049,アパレル,1921,0,6365,0,Monday,3,53.1,53.3
2026-03-17,SKU049,アパレル,1921,0,0,0,Tuesday,3,53.3,53.0
2026-03-18,SKU049,アパレル,1921,0,1589,0,Wednesday,3,53.0,52.3
2026-03-19,SKU049,アパレル,1921,0,873,0,Thursday,3,50.4,52.5
2026-03-20,SKU049,アパレル,1921,0,16376,0,Friday,3,49.9,52.3
2026-03-21,SKU049,アパレル,1921,5,9490,0,Saturday,3,50.0,52.5
2026-03-22,SKU049,アパレル,1921,0,0,0,Sunday,3,48.7,52.6
2026-03-23,SKU049,アパレル,1921,0,6176,0,Monday,3,48.0,52.5
2026-03-24,SKU049,アパレル,1921,5,0,0,Tuesday,3,46.3,51.9
2026-03-25,SKU049,アパレル,1921,0,72,0,Wednesday,3,45.9,50.6
2026-03-26,SKU049,アパレル,1921,0,1002,0,Thursday,3,46.3,51.0
2026-03-27,SKU049,アパレル,1921,0,0,0,Friday,3,47.3,50.9
2026-03-28,SKU049,アパレル,1921,0,0,0,Saturday,3,47.9,51.1
2026-03-29,SKU049,アパレル,1921,0,0,0,Sunday,3,48.4,51.6
2026-03-30,SKU049,アパレル,1921,0,506,1,Monday,3,50.0,52.9
2026-03-31,SKU049,アパレル,1921,0,0,0,Tuesday,3,53.9,53.0
2026-03-01,SKU050,雑貨,3216,10,0,0,Sunday,3,49.3,47.8
2026-03-02,SKU050,雑貨,3216,20,0,0,Monday,3,46.3,48.5
2026-03-03,SKU050,雑貨,3216,5,4400,0,Tuesday,3,47.4,48.8
2026-03-04,SKU050,雑貨,3216,0,0,0,Wednesday,3,50.0,48.6
2026-03-05,SKU050,雑貨,3216,0,0,0,Thursday,3,46.7,48.3
2026-03-06,SKU050,雑貨,3216,20,804,0,Friday,3,47.3,48.4
2026-03-07,SKU050,雑貨,3216,15,0,0,Saturday,3,48.9,48.4
2026-03-08,SKU050,雑貨,3216,0,0,0,Sunday,3,50.1,49.4
2026-03-09,SKU050,雑貨,3216,20,0,0,Monday,3,48.9,49.7
2026-03-10,SKU050,雑貨,3216,0,0,0,Tuesday,3,47.4,49.1
2026-03-11,SKU050,雑貨,3216,0,0,0,Wednesday,3,47.7,48.9
2026-03-12,SKU050,雑貨,3216,5,317,0,Thursday,3,49.1,48.9
2026-03-13,SKU050,雑貨,3216,15,0,1,Friday,3,50.3,49.6
2026-03-14,SKU050,雑貨,3216,0,0,0,Saturday,3,53.1,50.5
2026-03-15,SKU050,雑貨,3216,30,0,0,Sunday,3,51.7,51.0
2026-03-16,SKU050,雑貨,3216,20,739,0,Monday,3,55.0,51.3
2026-03-17,SKU050,雑貨,3216,10,190,0,Tuesday,3,57.9,51.5
2026-03-18,SKU050,雑貨,3216,0,0,0,Wednesday,3,57.7,50.5
2026-03-19,SKU050,雑貨,3216,0,0,0,Thursday,3,57.6,50.8
2026-03-20,SKU050,雑貨,3216,0,1756,0,Friday,3,56.7,50.9
2026-03-21,SKU050,雑貨,3216,0,0,0,Saturday,3,52.7,50.9
2026-03-22,SKU050,雑貨,3216,0,3452,0,Sunday,3,53.7,51.6
2026-03-23,SKU050,雑貨,3216,15,0,0,Monday,3,50.9,52.1
2026-03-24,SKU050,雑貨,3216,0,0,0,Tuesday,3,49.1,51.1
2026-03-25,SKU050,雑貨,3216,0,24,1,Wednesday,3,48.7,49.9
2026-03-26,SKU050,雑貨,3216,20,1650,0,Thursday,3,51.0,50.7
2026-03-27,SKU050,雑貨,3216,0,0,0,Friday,3,51.4,51.4
2026-03-28,SKU050,雑貨,3216,0,0,0,Saturday,3,50.6,50.5
2026-03-29,SKU050,雑貨,3216,0,0,0,Sunday,3,50.9,51.3
2026-03-30,SKU050,雑貨,3216,15,0,0,Monday,3,50.6,51.7
2026-03-31,SKU050,雑貨,3216,5,0,0,Tuesday,3,51.7,51.6
