年齢,初回購入額,購入回数,平均購入単価,会員歴月数,メール開封率,レビュー投稿数,会員ランク,利用チャネル,LTV
21,36921,19,24018,72,40.0,11,ブロンズ,アプリ,162.2
22,25576,43,10987,3,21.7,2,ゴールド,アプリ,119.0
24,1166,15,21712,49,30.5,20,ブロンズ,複数,171.9
52,15652,15,9293,21,99.7,3,ゴールド,店舗,62.7
53,20638,38,5006,8,65.9,26,ブロンズ,店舗,24.8
32,22444,15,29760,64,92.2,11,ブロンズ,アプリ,128.7
45,16233,9,8958,92,43.6,7,ブロンズ,Web,29.7
19,2885,5,26356,59,71.0,26,シルバー,アプリ,39.5
22,31364,19,12581,30,46.0,22,シルバー,アプリ,112.8
24,15708,24,6143,32,32.8,29,ゴールド,店舗,36.5
39,41297,29,16699,75,51.9,22,シルバー,店舗,188.1
66,34667,5,23901,20,42.7,9,ブロンズ,アプリ,5.0
48,36016,22,19602,114,98.1,25,ブロンズ,店舗,188.3
49,45223,13,10018,16,49.6,22,ゴールド,店舗,54.5
25,4412,49,11952,25,81.1,0,ゴールド,複数,288.7
58,12769,47,10916,60,66.7,12,ブロンズ,アプリ,128.4
59,16947,46,19728,45,48.0,6,ブロンズ,店舗,193.2
28,44147,29,2137,9,47.4,19,シルバー,アプリ,17.5
18,7449,16,22834,51,34.2,27,シルバー,Web,138.8
64,43179,36,16156,103,10.7,2,シルバー,Web,210.1
57,36900,17,15381,61,76.1,28,ブロンズ,Web,81.9
36,41923,20,23290,113,91.8,15,ゴールド,Web,385.2
61,9136,14,15893,40,21.8,11,ブロンズ,Web,26.5
55,34127,6,18360,104,92.6,28,ブロンズ,店舗,62.5
59,7450,22,21143,61,23.2,4,ブロンズ,アプリ,124.1
54,43999,40,2058,67,53.0,17,ブロンズ,アプリ,18.9
24,25031,9,19154,80,34.4,7,ゴールド,アプリ,102.5
56,32052,32,2388,76,11.5,11,シルバー,アプリ,30.7
42,12346,24,14116,15,5.3,27,ゴールド,Web,120.7
39,15852,33,21806,53,36.5,24,ブロンズ,Web,168.9
44,8067,13,9012,4,4.7,20,ゴールド,店舗,10.5
58,32485,35,14626,23,10.4,2,シルバー,店舗,85.3
64,10689,6,6852,27,14.2,15,ブロンズ,アプリ,10.1
55,18801,49,18979,103,0.2,9,ゴールド,アプリ,500.0
65,41535,40,10627,107,15.3,22,ブロンズ,Web,136.7
56,25272,30,28049,37,57.7,16,ブロンズ,アプリ,189.5
32,4763,38,3982,77,82.0,9,ブロンズ,アプリ,53.5
19,40696,16,29014,43,19.3,2,ブロンズ,店舗,69.7
25,31075,1,16816,37,8.1,24,ブロンズ,Web,19.9
61,29692,42,13060,104,73.0,1,シルバー,店舗,238.8
60,27549,18,14401,85,0.8,26,ブロンズ,アプリ,101.5
23,1878,22,27349,29,73.4,13,ブロンズ,アプリ,196.4
37,29848,26,28502,29,13.1,8,シルバー,アプリ,212.1
44,31741,14,12411,49,22.8,26,ブロンズ,アプリ,53.5
62,20268,37,10209,75,12.0,16,シルバー,アプリ,182.6
40,11787,49,22714,51,24.7,3,ゴールド,Web,398.2
65,42620,14,7429,50,79.8,27,ブロンズ,アプリ,33.7
57,32671,26,14158,28,13.3,25,シルバー,Web,140.5
34,12336,36,20076,74,99.4,28,ブロンズ,Web,308.2
30,28738,23,21154,5,32.7,21,シルバー,Web,139.8
21,14487,2,6376,56,92.2,14,ブロンズ,アプリ,5.0
37,41139,39,23310,64,19.0,12,ブロンズ,Web,221.3
59,35037,7,21651,89,18.8,22,ブロンズ,Web,46.8
42,13898,39,27714,97,56.5,18,シルバー,アプリ,500.0
39,18678,45,25948,17,5.1,8,ブロンズ,複数,241.5
69,44051,22,20079,113,80.1,3,ブロンズ,店舗,101.7
65,19141,28,15978,97,44.0,20,プラチナ,複数,500.0
34,11156,38,19970,89,69.9,7,ブロンズ,アプリ,228.7
57,25160,20,14705,97,17.5,27,シルバー,アプリ,169.7
28,13835,49,28907,55,64.2,14,ブロンズ,店舗,364.9
42,10383,18,23064,118,59.4,13,ゴールド,Web,302.1
22,40346,24,23831,9,75.6,2,ブロンズ,Web,87.3
38,25564,33,23844,91,29.7,23,ブロンズ,アプリ,328.8
43,43013,45,12861,89,93.3,29,シルバー,Web,390.4
33,20225,26,9965,68,96.1,29,ゴールド,アプリ,264.8
57,39484,19,20652,73,86.8,26,ゴールド,アプリ,374.6
38,20946,48,12248,110,57.2,16,ブロンズ,Web,203.3
65,29280,42,16220,79,42.0,7,ゴールド,複数,466.3
49,43782,13,25633,16,5.8,13,シルバー,アプリ,73.5
21,27295,10,9461,16,94.7,12,プラチナ,アプリ,88.8
55,33700,14,28998,13,95.2,14,ゴールド,複数,218.1
25,48888,9,14821,78,1.9,10,シルバー,Web,25.4
26,36536,11,21870,86,35.7,26,シルバー,店舗,106.8
62,33609,3,15410,85,88.0,14,シルバー,アプリ,30.6
34,49509,40,24185,73,8.1,11,シルバー,アプリ,394.1
58,10751,12,21133,63,19.7,25,ブロンズ,複数,94.5
30,9928,35,26169,119,97.9,23,ブロンズ,アプリ,500.0
26,7142,39,25359,41,84.7,21,ブロンズ,Web,296.3
23,46955,46,29400,53,91.2,20,プラチナ,Web,500.0
44,17257,39,3405,68,14.2,8,ブロンズ,アプリ,5.0
59,23650,32,28462,74,21.1,21,ブロンズ,店舗,245.3
54,39181,39,13179,99,60.5,14,ブロンズ,Web,164.0
56,24212,14,5575,117,50.2,0,シルバー,アプリ,70.1
60,3190,44,4727,9,29.9,11,ゴールド,店舗,44.2
41,2002,1,8487,51,88.4,5,シルバー,Web,5.0
26,44945,27,16760,48,90.1,0,ブロンズ,店舗,100.4
59,43882,37,28439,80,29.2,21,ゴールド,Web,500.0
28,24038,43,28929,49,15.6,18,ブロンズ,Web,239.3
52,9094,1,8291,18,14.9,21,プラチナ,Web,21.2
46,23451,45,29472,10,48.4,12,ブロンズ,複数,325.8
25,4752,29,4501,85,13.3,5,シルバー,アプリ,50.3
34,21521,24,19321,115,47.3,16,ブロンズ,Web,204.2
24,28768,17,12272,54,46.2,12,ゴールド,アプリ,79.4
29,29410,35,3755,79,88.4,8,ブロンズ,アプリ,69.5
65,38206,31,5390,15,29.6,7,ブロンズ,アプリ,49.6
32,5427,42,7816,11,56.1,14,ゴールド,店舗,131.5
46,6556,32,19600,40,74.3,17,ブロンズ,Web,182.8
62,42300,19,19587,118,59.6,1,シルバー,Web,165.8
67,19772,31,3890,112,95.4,20,シルバー,アプリ,89.1
67,29063,39,13223,106,60.2,25,シルバー,Web,298.8
41,40760,20,15829,105,90.2,1,ブロンズ,複数,146.2
54,23709,28,26966,47,24.5,10,ゴールド,Web,298.9
31,16319,3,9688,118,56.1,0,ゴールド,店舗,10.4
28,6383,32,8500,101,54.3,17,ブロンズ,Web,82.1
52,2233,22,8716,20,98.9,20,ブロンズ,店舗,35.2
34,28146,44,29087,98,20.5,26,ブロンズ,Web,440.2
44,25713,42,29553,22,14.1,25,ブロンズ,複数,340.8
61,49345,44,5746,48,61.2,29,シルバー,Web,140.0
20,44758,15,26674,82,22.4,6,ゴールド,店舗,136.2
19,15789,38,20579,16,63.9,20,シルバー,アプリ,314.0
21,3930,19,23049,5,97.2,16,シルバー,アプリ,142.2
35,13112,31,15014,65,94.7,15,ブロンズ,Web,171.3
37,13374,26,17675,83,23.1,6,ブロンズ,店舗,119.3
38,32012,5,11193,74,17.1,21,シルバー,Web,5.0
31,19523,20,25733,21,56.1,6,シルバー,店舗,105.3
25,25783,2,28146,61,58.7,1,シルバー,アプリ,7.1
19,16563,21,22782,77,66.2,4,ブロンズ,複数,195.7
43,44193,36,5629,55,74.1,13,シルバー,アプリ,85.7
36,11042,28,9766,24,60.1,7,ブロンズ,Web,64.1
59,44163,20,8147,23,11.2,28,ブロンズ,アプリ,26.4
45,23820,37,17113,87,79.0,11,シルバー,Web,323.8
46,32252,39,16442,11,8.0,6,ブロンズ,Web,106.4
22,3208,36,16410,47,2.0,5,ゴールド,アプリ,265.0
60,41321,11,3063,2,77.0,12,ブロンズ,店舗,5.0
45,14796,3,10830,70,54.8,21,シルバー,店舗,13.5
58,39390,37,12934,53,69.9,11,ゴールド,Web,238.3
65,26426,20,11334,11,38.3,16,ブロンズ,アプリ,48.0
43,23670,32,12312,15,1.1,15,ゴールド,Web,109.9
22,25320,47,27127,73,33.1,0,シルバー,アプリ,483.9
32,21074,25,5275,12,60.8,6,ゴールド,Web,27.9
63,28931,21,2976,36,22.6,2,ブロンズ,店舗,6.0
26,19993,16,14383,92,68.8,5,ブロンズ,複数,95.3
49,33991,48,29926,23,79.4,27,ブロンズ,Web,389.9
69,16003,42,13406,27,45.4,20,シルバー,アプリ,197.3
43,48496,1,13739,88,87.6,2,ブロンズ,Web,5.0
54,15743,23,29507,14,85.5,21,ブロンズ,複数,220.0
32,15007,43,6069,54,87.8,2,ブロンズ,Web,76.2
58,25300,49,17604,99,66.1,7,ブロンズ,アプリ,308.2
21,46352,24,16612,27,30.5,13,シルバー,店舗,97.2
53,42282,47,18334,21,48.1,22,ブロンズ,Web,189.0
37,17175,25,8402,49,71.1,8,ブロンズ,アプリ,80.0
44,6973,7,14333,62,21.1,4,ブロンズ,Web,5.0
38,10703,38,2345,77,73.9,27,シルバー,店舗,47.0
39,33313,47,6942,72,54.8,14,ゴールド,Web,206.4
24,19470,47,21326,44,9.6,16,シルバー,複数,402.8
64,30176,39,25788,108,55.7,26,ブロンズ,複数,500.0
48,24280,35,19460,44,6.7,9,ブロンズ,店舗,132.1
34,24867,14,11363,98,1.4,26,ブロンズ,アプリ,50.9
67,41431,9,5770,61,89.0,7,シルバー,店舗,12.2
24,22845,3,24036,42,49.0,17,ブロンズ,Web,22.6
36,17241,38,13353,23,54.3,5,ゴールド,アプリ,149.8
45,36055,20,10424,73,28.0,16,ゴールド,Web,72.2
27,9878,41,13990,1,54.3,21,ブロンズ,アプリ,137.1
44,11209,33,10048,36,16.9,3,ブロンズ,店舗,41.8
30,29499,41,14099,55,74.6,20,ブロンズ,複数,237.9
19,38603,44,13891,110,82.3,14,ブロンズ,アプリ,265.1
39,36302,32,17573,16,85.6,9,シルバー,店舗,142.9
37,12004,36,18834,89,10.7,22,シルバー,店舗,286.3
60,31587,26,11554,18,55.8,12,ブロンズ,複数,81.3
22,34390,48,2350,98,80.9,21,ゴールド,アプリ,128.1
23,29400,5,29272,38,12.8,0,シルバー,Web,29.1
52,11975,49,11500,67,10.0,24,プラチナ,アプリ,500.0
18,13585,30,6004,20,81.7,21,シルバー,アプリ,84.3
52,7876,17,13117,19,79.7,21,シルバー,アプリ,105.4
20,49104,6,23062,13,44.9,8,ブロンズ,複数,14.1
53,14599,15,18628,17,11.0,27,シルバー,複数,111.0
24,26239,1,23029,78,51.6,25,ブロンズ,アプリ,5.0
46,44906,13,15015,30,39.5,4,シルバー,Web,79.4
32,21378,48,6734,86,51.9,10,ブロンズ,Web,56.4
28,27568,34,14871,43,44.0,21,ブロンズ,Web,137.0
35,32510,30,28849,48,56.9,21,ブロンズ,アプリ,264.9
61,36462,19,17162,43,72.7,22,ブロンズ,店舗,59.7
21,21688,2,18824,93,77.5,24,ブロンズ,アプリ,11.9
41,22796,44,13737,114,64.9,20,プラチナ,アプリ,500.0
28,42478,12,11659,66,19.9,20,ブロンズ,Web,22.9
23,31796,40,24299,119,39.7,3,シルバー,アプリ,450.7
68,21817,44,18795,53,7.1,25,ブロンズ,店舗,158.0
35,11061,24,2813,72,45.2,19,ブロンズ,店舗,20.2
32,25401,11,23062,78,97.0,15,ブロンズ,Web,54.8
20,4810,2,20114,34,64.2,27,ブロンズ,店舗,24.3
34,34680,1,8643,77,15.5,23,ブロンズ,Web,5.0
50,24826,28,15269,74,26.9,28,ブロンズ,アプリ,148.3
51,5902,4,20358,72,6.5,17,ブロンズ,Web,35.8
47,20612,41,2549,71,18.2,25,ゴールド,アプリ,60.1
36,11663,30,16452,13,48.8,7,ブロンズ,Web,52.2
26,14967,7,20321,90,34.5,1,ゴールド,アプリ,75.8
57,48776,22,2203,56,20.4,16,プラチナ,アプリ,29.7
61,41536,26,17718,59,14.7,9,シルバー,Web,163.4
48,6135,29,5588,32,65.6,12,ゴールド,複数,115.1
44,15072,25,25467,83,55.8,14,ブロンズ,Web,200.9
64,42057,10,4536,79,84.3,8,ゴールド,店舗,24.5
42,21417,20,24172,54,18.3,26,ブロンズ,アプリ,143.8
24,7443,14,10298,2,84.8,7,ブロンズ,店舗,17.0
65,38610,33,22195,118,57.8,5,シルバー,アプリ,373.3
24,22925,5,4701,37,26.6,3,ゴールド,Web,7.8
37,31002,45,14089,83,27.4,17,ゴールド,アプリ,408.4
61,37795,6,12411,97,39.0,23,ブロンズ,アプリ,29.0
66,31993,22,9825,103,46.0,2,ブロンズ,店舗,51.6
60,1260,17,7974,114,8.3,25,シルバー,複数,85.5
53,10127,15,22320,33,84.2,3,シルバー,Web,119.3
36,37978,39,6090,1,12.2,20,ブロンズ,アプリ,21.3
19,25843,40,27533,103,48.3,12,ブロンズ,アプリ,403.1
51,33840,28,25340,28,38.3,19,ゴールド,アプリ,351.8
34,38879,2,29151,17,51.2,10,シルバー,複数,44.7
41,3921,18,12559,57,88.7,7,ブロンズ,Web,59.0
26,44413,27,11252,70,98.9,24,シルバー,アプリ,205.3
18,4888,21,4546,52,2.0,13,シルバー,アプリ,50.6
59,1177,23,5736,44,39.3,13,ゴールド,Web,46.8
45,8426,7,16600,84,81.8,15,シルバー,店舗,70.4
32,5495,48,3672,47,32.7,13,ブロンズ,Web,45.9
38,34037,19,2401,13,64.9,0,ゴールド,アプリ,41.1
32,11047,9,17322,76,99.2,1,ブロンズ,アプリ,42.7
40,19039,12,27177,30,64.7,27,ゴールド,Web,166.9
19,36301,46,13191,85,11.1,19,シルバー,Web,248.1
63,49707,30,6313,66,84.3,0,ゴールド,複数,123.9
53,46114,7,16665,53,96.7,10,ブロンズ,複数,59.8
67,22366,2,13644,18,71.3,5,シルバー,複数,5.8
26,21745,17,24736,28,41.9,14,ゴールド,複数,212.1
19,44082,11,13826,4,94.8,11,シルバー,Web,69.8
19,12353,12,26863,42,96.9,4,ブロンズ,Web,111.7
35,26080,3,18471,107,93.5,28,ブロンズ,Web,5.0
34,19788,21,25530,117,41.2,22,シルバー,店舗,282.4
58,35969,14,18303,6,79.0,11,ブロンズ,店舗,56.5
25,6659,15,8279,102,65.4,21,シルバー,アプリ,90.0
51,34921,42,20589,9,18.0,13,ブロンズ,複数,212.7
51,5161,41,4967,20,53.6,13,ゴールド,アプリ,66.9
22,16503,10,6250,109,74.8,18,ブロンズ,Web,13.1
61,28003,36,21918,94,89.6,4,ブロンズ,Web,241.5
46,25982,10,26795,101,86.3,2,ブロンズ,Web,98.6
45,4478,17,28058,38,15.5,24,シルバー,アプリ,213.1
33,29620,44,5238,68,48.8,17,シルバー,アプリ,92.1
31,36129,25,10513,102,47.8,5,シルバー,店舗,62.2
69,28172,27,4738,50,89.9,8,シルバー,Web,64.0
19,11160,33,6936,60,0.2,25,ブロンズ,店舗,51.8
57,36214,11,3836,13,73.9,6,プラチナ,アプリ,29.6
21,12931,13,20943,119,61.9,20,ゴールド,複数,322.1
69,32170,1,3568,99,92.2,17,ブロンズ,店舗,5.0
58,32190,31,12514,94,45.7,1,ゴールド,複数,259.3
69,8601,33,16047,42,65.8,19,シルバー,アプリ,258.7
48,38819,21,6720,68,97.3,9,シルバー,Web,43.4
43,4517,16,9957,25,74.4,11,シルバー,アプリ,49.2
44,5802,39,13155,31,6.7,1,ゴールド,Web,143.8
68,46158,23,10544,111,16.8,27,プラチナ,アプリ,318.0
51,19759,10,27604,12,82.1,12,シルバー,Web,52.2
48,8850,48,8525,64,33.5,28,ブロンズ,アプリ,160.0
65,7744,33,18083,79,70.6,7,シルバー,複数,354.7
28,23773,22,9935,61,70.0,25,ブロンズ,Web,54.4
25,49185,41,28585,53,99.4,22,シルバー,複数,500.0
29,7248,6,27503,26,47.0,6,ゴールド,Web,38.5
52,49196,47,26605,61,73.8,2,ブロンズ,Web,301.3
62,8136,36,25898,10,4.9,22,ブロンズ,アプリ,187.1
51,43285,47,25449,12,46.3,7,シルバー,店舗,245.6
30,12800,10,8737,22,18.7,20,ブロンズ,店舗,16.5
44,14417,16,4540,104,84.1,0,ブロンズ,店舗,29.6
25,26305,13,22203,53,84.0,14,シルバー,Web,177.5
64,37735,20,27070,21,23.6,0,プラチナ,Web,190.7
38,46129,4,26407,35,31.8,11,シルバー,Web,5.0
58,38719,20,27448,71,70.2,10,ブロンズ,アプリ,162.4
28,5002,22,19218,82,73.8,15,シルバー,複数,287.0
39,3332,29,21708,27,65.8,29,ブロンズ,複数,248.3
38,27149,16,19013,60,99.7,3,ゴールド,Web,156.6
45,45228,43,4986,99,86.9,1,シルバー,店舗,81.2
20,5375,47,26605,47,41.7,22,プラチナ,アプリ,500.0
24,30458,43,16958,66,32.7,28,プラチナ,Web,500.0
31,34453,23,26463,96,59.7,2,ブロンズ,アプリ,226.6
32,21272,30,26317,15,81.8,27,プラチナ,アプリ,500.0
26,18352,30,22166,109,47.5,3,プラチナ,アプリ,500.0
69,3033,43,27382,24,73.8,24,シルバー,Web,424.9
60,40843,3,8485,84,1.9,17,ブロンズ,複数,5.0
24,22645,24,23790,10,92.6,11,シルバー,アプリ,172.6
29,26343,49,28544,88,77.4,23,ブロンズ,Web,500.0
36,48415,37,21852,24,39.4,0,シルバー,アプリ,222.4
44,1645,13,25528,88,38.4,2,ブロンズ,店舗,109.8
35,32775,42,13772,104,10.3,3,シルバー,アプリ,238.4
30,5121,32,12152,112,81.6,29,プラチナ,店舗,464.8
60,9112,37,14531,57,76.9,5,ブロンズ,Web,147.4
18,10271,12,26796,112,63.0,16,シルバー,アプリ,194.7
55,40204,8,23659,34,10.1,29,ブロンズ,アプリ,25.1
38,26212,24,7867,41,26.2,7,シルバー,Web,65.5
51,46285,44,27919,40,45.9,17,シルバー,アプリ,494.7
30,11292,16,24900,11,26.6,15,ブロンズ,アプリ,66.2
62,24481,32,6626,90,43.4,20,シルバー,アプリ,151.6
68,42060,34,4262,1,22.6,5,ゴールド,Web,46.1
58,39354,35,4414,30,35.0,23,ブロンズ,アプリ,53.3
68,29493,32,12353,117,65.2,18,シルバー,店舗,181.3
40,30475,17,17559,43,89.2,27,シルバー,店舗,142.4
18,1868,2,14312,82,38.5,24,ブロンズ,店舗,5.0
40,48370,26,29557,26,69.2,27,ゴールド,アプリ,472.8
45,39682,44,7240,53,13.5,20,シルバー,Web,117.4
49,9213,17,16053,47,54.1,7,ブロンズ,店舗,52.5
25,23739,38,11049,9,92.2,3,ブロンズ,Web,41.6
43,2903,49,7122,9,2.8,27,ブロンズ,店舗,72.5
31,36344,2,6993,1,26.8,8,シルバー,店舗,23.5
41,48491,8,27348,71,13.2,7,シルバー,アプリ,70.1
65,37877,46,20876,44,53.3,20,シルバー,Web,380.0
46,21998,6,17613,59,68.0,18,シルバー,複数,82.6
21,19319,9,10211,56,5.8,0,ブロンズ,店舗,5.0
35,34383,1,15515,106,7.0,20,シルバー,店舗,5.0
31,22441,5,10997,51,87.0,20,プラチナ,Web,6.5
44,11642,39,18335,16,45.6,3,プラチナ,アプリ,401.4
58,12776,9,27956,38,46.3,9,ブロンズ,Web,59.4
64,25862,14,4175,11,94.5,25,シルバー,アプリ,12.7
20,32103,27,4405,115,32.0,7,ブロンズ,アプリ,37.6
47,12510,9,21747,25,89.7,2,ブロンズ,店舗,25.8
53,35691,36,9341,93,97.4,11,シルバー,Web,135.8
40,14402,29,26284,83,24.2,25,ブロンズ,アプリ,307.5
35,7455,20,27456,82,51.4,8,ブロンズ,Web,150.8
63,41372,15,29684,111,53.4,2,シルバー,アプリ,219.9
64,41920,36,27909,59,86.6,3,ゴールド,複数,500.0
57,3773,3,28260,29,30.4,5,ゴールド,店舗,39.1
27,44050,23,13156,80,79.8,8,シルバー,アプリ,127.4
29,28377,46,17963,110,97.1,25,ブロンズ,Web,369.1
58,10776,9,19989,40,84.0,1,ブロンズ,アプリ,48.0
25,33059,30,20941,8,90.9,1,シルバー,Web,173.3
49,30405,19,27019,98,70.8,17,ゴールド,アプリ,394.4
34,1143,38,17779,6,90.4,20,ゴールド,Web,311.1
58,26698,3,20426,45,16.5,21,シルバー,店舗,5.0
62,18083,48,2778,109,71.2,2,ブロンズ,Web,33.6
31,46169,3,5159,53,73.2,2,ブロンズ,Web,5.0
54,23702,34,8395,94,43.9,17,ブロンズ,アプリ,86.5
26,34038,2,3746,108,8.0,26,ゴールド,複数,5.0
43,42022,27,7974,98,62.2,5,ブロンズ,複数,90.2
65,2007,23,7150,21,5.2,0,シルバー,店舗,65.5
68,28419,42,14132,116,38.2,24,ブロンズ,Web,207.1
41,47483,32,18804,57,39.4,14,シルバー,Web,198.0
40,44232,47,12043,76,99.9,10,シルバー,店舗,217.5
48,11174,35,20492,113,30.0,9,シルバー,店舗,275.4
56,31880,40,6674,6,82.0,3,シルバー,アプリ,56.5
61,8203,18,23729,103,5.3,13,シルバー,アプリ,182.6
19,37492,27,5996,63,53.0,1,ブロンズ,Web,38.3
67,29989,11,24466,6,53.7,12,ブロンズ,店舗,11.5
35,28331,39,11550,53,62.9,15,プラチナ,Web,385.8
33,45694,19,22294,4,81.0,11,ブロンズ,アプリ,67.1
46,23983,25,4626,117,76.2,21,ブロンズ,複数,91.5
28,30735,7,29263,9,76.1,4,ブロンズ,店舗,69.4
19,41685,31,2490,69,43.2,18,ブロンズ,Web,45.5
31,21893,2,11487,74,72.7,28,ブロンズ,Web,30.0
21,16739,38,24316,111,49.1,2,シルバー,Web,394.7
56,30917,5,12273,72,6.7,20,プラチナ,アプリ,59.3
51,21704,14,21755,87,89.0,19,シルバー,アプリ,228.0
63,31152,18,15684,4,89.0,20,ブロンズ,Web,54.2
56,48383,36,28748,58,32.3,1,シルバー,Web,307.9
26,39240,4,13366,37,91.4,26,ゴールド,Web,54.6
57,8206,24,22448,71,75.8,16,ゴールド,複数,479.7
58,24256,13,24221,6,40.1,20,ブロンズ,店舗,45.1
24,25307,21,17906,109,33.2,10,ブロンズ,アプリ,141.7
68,5716,33,6989,51,97.5,0,ゴールド,複数,137.7
34,36388,20,14021,106,71.3,18,シルバー,アプリ,180.9
40,19920,5,24355,79,37.9,7,シルバー,店舗,55.7
62,38871,24,28525,99,64.2,10,ブロンズ,アプリ,262.1
28,43928,35,5380,50,57.2,7,シルバー,店舗,71.4
39,24464,30,7689,96,52.5,24,ブロンズ,Web,87.5
35,39085,28,10603,14,64.5,16,ブロンズ,アプリ,81.1
66,14587,45,27998,99,53.8,19,ブロンズ,店舗,423.1
45,2195,7,29557,11,65.5,5,ブロンズ,Web,30.3
33,26083,42,9473,10,90.8,6,ブロンズ,Web,63.2
59,23438,35,3676,61,99.3,20,ブロンズ,Web,52.0
21,21009,30,9790,81,70.9,12,ブロンズ,Web,37.7
53,41636,34,7282,13,92.8,6,ブロンズ,Web,60.1
39,36587,39,28222,34,85.8,10,ブロンズ,アプリ,286.3
28,22143,9,21095,60,29.5,9,ブロンズ,Web,74.6
38,14696,12,15376,109,93.3,7,ブロンズ,Web,80.3
57,8564,29,11431,51,7.1,9,ブロンズ,複数,104.0
58,4637,10,2602,5,33.0,21,ブロンズ,アプリ,24.2
33,35641,27,3937,112,64.0,10,ブロンズ,Web,26.5
59,18790,19,26505,74,52.7,19,ブロンズ,アプリ,178.1
26,29159,13,26601,32,54.2,16,ゴールド,店舗,104.0
52,6514,42,8812,12,79.5,10,シルバー,店舗,123.7
51,35345,37,3067,52,19.5,15,ゴールド,Web,23.5
26,22763,32,15401,13,98.2,4,シルバー,複数,188.0
30,13568,15,7252,85,43.7,9,ゴールド,店舗,76.6
23,29003,21,15472,112,95.0,25,ブロンズ,店舗,167.8
21,6311,3,24247,54,38.3,25,シルバー,Web,25.0
63,42596,8,2379,117,60.2,19,シルバー,Web,5.0
45,39315,6,27860,97,45.0,4,ゴールド,アプリ,109.2
28,18191,29,23886,54,67.6,19,ブロンズ,Web,203.6
51,21908,19,21566,41,18.4,8,ゴールド,Web,154.8
52,2415,17,22131,48,40.1,2,シルバー,Web,98.2
22,41276,10,7196,51,6.8,2,シルバー,店舗,13.0
56,48650,33,28832,47,59.8,9,ゴールド,Web,414.9
28,19833,13,23516,50,96.3,6,プラチナ,Web,231.4
29,16406,27,24424,118,4.6,1,シルバー,複数,331.1
60,30336,42,15881,96,66.0,24,ブロンズ,Web,262.6
36,30421,12,14119,76,77.5,7,ブロンズ,アプリ,55.7
30,37264,2,22504,46,21.3,11,ブロンズ,アプリ,33.1
21,12780,10,10737,99,27.3,29,ブロンズ,複数,58.8
31,40871,21,7259,100,20.2,21,ブロンズ,店舗,43.5
61,13221,23,26850,38,29.7,29,シルバー,アプリ,279.9
19,22116,1,13633,112,11.0,28,ゴールド,複数,5.0
25,40790,33,12461,92,37.0,8,ブロンズ,アプリ,108.4
39,41263,26,29684,13,36.9,10,シルバー,アプリ,220.6
68,15422,15,4922,76,80.7,18,ブロンズ,Web,10.1
30,42474,22,5387,22,80.1,19,ゴールド,アプリ,66.2
38,22483,25,23826,108,79.7,22,ブロンズ,アプリ,316.5
38,41100,1,23936,2,56.7,16,シルバー,アプリ,21.6
45,6416,26,16553,93,32.6,12,プラチナ,アプリ,439.1
50,16251,21,12062,77,41.1,0,ブロンズ,Web,70.9
46,28074,41,22397,99,31.8,0,シルバー,アプリ,401.8
54,47540,24,23751,13,58.2,27,ゴールド,店舗,250.4
39,13164,39,26686,57,93.8,7,ブロンズ,Web,293.0
43,3468,16,8959,34,28.4,12,プラチナ,アプリ,73.9
28,44655,32,11947,19,45.9,5,ゴールド,アプリ,109.8
28,3027,16,24674,9,65.5,2,ブロンズ,複数,67.6
62,24555,13,11559,116,84.5,15,ブロンズ,Web,50.9
51,12944,42,28104,95,25.3,9,シルバー,アプリ,500.0
36,1315,32,2551,33,28.0,6,ゴールド,Web,25.8
65,15133,41,2133,27,88.5,21,ブロンズ,アプリ,17.7
54,37757,44,8607,45,8.0,20,シルバー,Web,123.2
31,34298,24,13103,2,60.5,2,ブロンズ,アプリ,62.9
46,25268,13,12205,79,86.0,13,ゴールド,店舗,107.6
36,44362,11,29838,83,92.2,15,シルバー,Web,162.9
54,5757,15,8599,57,1.3,3,シルバー,店舗,10.0
38,41640,10,15372,95,37.0,28,シルバー,アプリ,84.2
41,49266,42,7124,57,25.7,12,ゴールド,Web,133.9
43,30967,41,3060,16,56.8,26,ブロンズ,アプリ,13.0
58,26795,3,29083,107,63.3,26,シルバー,アプリ,84.0
29,29798,16,25768,79,100.0,0,ブロンズ,Web,89.8
65,43726,44,16048,6,51.3,24,シルバー,店舗,156.8
36,34835,17,28598,14,55.1,4,シルバー,店舗,106.2
64,32461,25,20570,27,41.4,17,ブロンズ,店舗,89.5
66,34495,30,21049,38,14.8,11,シルバー,アプリ,215.0
47,17627,47,5170,19,30.3,10,シルバー,Web,50.0
32,27361,35,12919,37,24.7,8,ゴールド,店舗,153.4
20,1711,37,29911,107,80.1,27,ブロンズ,アプリ,500.0
66,12085,13,21030,4,54.6,6,ブロンズ,店舗,24.0
30,28726,24,18979,58,29.6,13,ゴールド,店舗,197.6
26,8924,38,17583,90,48.9,29,ゴールド,店舗,485.2
30,16549,26,6106,9,21.9,23,ブロンズ,アプリ,49.1
33,9462,9,28950,105,18.5,28,プラチナ,複数,366.5
68,43757,19,24201,113,86.0,2,シルバー,アプリ,268.9
31,3560,28,5421,40,94.5,15,プラチナ,アプリ,120.4
25,22523,7,18303,15,8.0,29,シルバー,アプリ,20.4
36,20944,45,4278,105,76.5,6,ブロンズ,Web,90.9
49,3177,22,19548,101,45.3,26,ブロンズ,アプリ,201.5
52,21098,30,19001,4,38.9,0,プラチナ,店舗,222.0
40,36846,37,15052,90,68.9,5,ブロンズ,Web,165.0
38,28475,16,2450,52,26.6,25,プラチナ,アプリ,25.5
35,43736,36,11990,18,2.1,5,シルバー,アプリ,102.8
65,33447,5,14778,105,21.4,26,ブロンズ,アプリ,35.9
31,22416,29,9372,53,18.5,9,シルバー,アプリ,140.8
33,15120,23,3892,59,3.4,11,シルバー,複数,51.1
41,3948,6,23912,99,32.1,21,シルバー,Web,55.7
66,3520,36,20838,54,47.5,18,ブロンズ,店舗,171.1
69,8269,33,15362,41,73.6,5,ゴールド,店舗,203.1
49,27961,49,28798,105,32.6,13,シルバー,アプリ,500.0
28,14336,41,5808,60,19.5,2,ゴールド,Web,86.6
62,46198,16,11476,93,23.1,9,シルバー,アプリ,79.9
28,15020,34,29103,117,89.1,8,ブロンズ,複数,500.0
21,28280,43,20141,88,20.5,22,シルバー,アプリ,463.3
43,44478,26,18606,4,87.9,29,ゴールド,アプリ,246.7
63,17746,37,25337,85,44.7,28,ブロンズ,複数,462.5
22,3256,13,25420,39,93.4,19,プラチナ,店舗,266.4
53,41120,17,27476,7,40.8,18,ブロンズ,アプリ,127.1
50,28712,32,20749,23,17.8,21,プラチナ,複数,500.0
31,13836,32,3609,104,54.9,14,ゴールド,Web,45.0
49,26711,28,29866,85,58.8,8,シルバー,店舗,286.8
24,5358,29,25605,63,63.5,18,ブロンズ,アプリ,239.1
27,12339,25,3223,65,41.1,7,シルバー,アプリ,63.0
19,33039,47,3907,41,4.9,21,ゴールド,アプリ,100.3
27,22245,22,16978,89,62.7,3,シルバー,Web,200.2
52,48251,27,27938,95,93.3,4,シルバー,アプリ,445.0
38,18259,44,12943,119,95.8,18,シルバー,Web,378.2
57,8129,38,7810,44,59.7,13,シルバー,Web,95.8
59,49789,20,14161,102,2.0,17,シルバー,アプリ,146.9
25,43112,45,24832,45,10.6,24,ブロンズ,店舗,244.1
63,41573,24,26350,69,83.4,28,ブロンズ,Web,260.5
35,42588,47,16063,117,83.0,18,ゴールド,アプリ,500.0
26,12211,47,27844,95,94.6,5,ゴールド,店舗,500.0
58,31197,8,6937,51,56.4,4,ブロンズ,Web,10.7
47,16628,14,24132,65,86.4,25,ゴールド,複数,358.9
21,27300,39,19615,54,82.5,10,ブロンズ,店舗,186.5
52,46708,14,14260,56,58.9,23,ブロンズ,Web,51.8
31,48092,5,11939,94,78.4,4,ブロンズ,複数,5.0
31,18512,47,12750,82,12.6,26,プラチナ,アプリ,500.0
65,21945,21,2737,72,63.9,7,プラチナ,Web,68.1
54,42723,15,22820,90,95.3,26,シルバー,アプリ,277.8
37,34787,36,21363,40,16.2,4,ブロンズ,アプリ,162.7
46,22408,33,17935,58,74.4,10,シルバー,アプリ,308.2
40,49408,17,12143,15,32.1,25,シルバー,店舗,36.2
64,21311,20,28357,19,81.7,12,ブロンズ,Web,108.4
38,36609,1,18913,10,69.7,5,ブロンズ,複数,5.0
48,12139,16,14321,88,92.6,4,シルバー,店舗,65.1
49,39245,45,25525,16,71.2,17,ブロンズ,店舗,201.9
58,42634,18,6418,43,41.0,25,ブロンズ,Web,8.4
24,18610,10,11396,31,1.1,9,シルバー,アプリ,5.0
30,29952,23,3986,108,79.3,15,シルバー,店舗,28.8
40,14568,18,2346,16,40.8,21,プラチナ,店舗,21.3
25,25899,49,7825,80,67.1,13,ブロンズ,複数,198.3
29,44798,9,3215,28,10.5,22,シルバー,複数,5.0
53,13002,46,15890,62,89.1,14,ブロンズ,アプリ,284.4
33,8529,30,12960,20,43.6,2,ブロンズ,店舗,57.6
43,19069,13,26429,35,92.0,2,シルバー,Web,114.4
46,49478,31,24182,59,70.7,11,ブロンズ,アプリ,239.1
46,4712,46,2244,9,12.1,22,ブロンズ,Web,5.0
23,40826,43,29301,104,57.9,14,シルバー,店舗,500.0
54,20328,13,16119,10,91.0,10,ブロンズ,複数,67.8
50,18711,32,25442,45,80.0,9,プラチナ,Web,500.0
48,6906,17,13243,82,41.8,19,ブロンズ,アプリ,49.1
63,30107,3,2132,109,95.5,14,ブロンズ,複数,5.0
58,18813,1,17556,109,26.9,17,ブロンズ,アプリ,18.5
35,10153,5,19754,15,37.5,24,ブロンズ,アプリ,5.0
55,47213,32,28672,109,75.0,13,ゴールド,アプリ,500.0
64,32679,25,3087,30,23.3,28,シルバー,アプリ,61.8
48,30588,45,11839,48,51.5,24,ブロンズ,複数,217.2
33,49096,5,12083,96,72.9,5,シルバー,アプリ,63.7
57,24770,37,28296,40,64.4,13,プラチナ,Web,500.0
68,19852,23,15415,91,15.5,15,ブロンズ,Web,116.5
54,48422,12,22386,91,63.0,1,ブロンズ,Web,48.2
31,20612,34,12452,83,57.3,18,ブロンズ,アプリ,179.3
56,31907,23,15828,74,55.8,4,ゴールド,複数,230.7
21,31171,16,10310,44,82.6,10,ブロンズ,店舗,45.4
47,16448,49,4903,46,18.4,10,ブロンズ,複数,74.5
50,4966,5,29384,6,75.2,20,シルバー,複数,76.8
53,42876,44,25206,117,76.1,28,シルバー,アプリ,500.0
47,22401,47,2894,24,72.3,24,ゴールド,アプリ,87.9
31,22539,28,3265,73,50.6,25,ブロンズ,アプリ,36.2
40,35018,6,24807,91,39.6,18,シルバー,Web,94.6
65,5688,13,18746,7,39.5,17,プラチナ,アプリ,137.8
45,21457,43,25548,6,73.4,25,ブロンズ,アプリ,260.4
24,37555,30,11965,118,49.8,7,ブロンズ,アプリ,100.8
59,42899,26,10505,33,33.8,22,シルバー,アプリ,104.4
27,32379,17,24016,85,62.5,11,シルバー,アプリ,209.2
21,11470,9,20090,110,83.7,8,ブロンズ,アプリ,69.0
61,39426,16,9334,38,6.2,2,ブロンズ,アプリ,20.6
55,10193,49,25297,44,97.2,5,シルバー,Web,465.5
30,35980,18,15374,17,9.7,20,シルバー,アプリ,82.6
38,40635,13,15348,31,51.2,20,ゴールド,アプリ,132.9
50,40731,29,17375,37,56.0,25,ゴールド,店舗,246.3
57,23077,43,28365,11,13.8,23,ブロンズ,Web,193.0
45,45097,45,4393,92,91.6,0,ゴールド,アプリ,133.0
40,37759,24,13802,5,47.1,16,ブロンズ,アプリ,99.0
49,10295,45,26510,64,14.3,2,ゴールド,Web,456.3
65,15735,44,5694,76,71.2,26,シルバー,アプリ,187.6
22,48011,46,28856,3,66.3,17,シルバー,アプリ,449.2
43,46185,13,19373,56,96.3,17,シルバー,アプリ,130.8
56,4032,25,16911,63,44.2,1,ブロンズ,Web,118.6
43,44773,41,22064,105,26.8,3,ブロンズ,アプリ,278.7
20,37671,46,12655,38,6.0,0,ブロンズ,Web,101.4
41,46019,1,11096,54,73.3,9,ゴールド,アプリ,8.8
51,30897,9,8410,2,61.7,24,ブロンズ,店舗,5.0
51,26836,4,29620,90,97.3,29,ブロンズ,Web,60.8
37,37438,28,5397,2,71.2,4,ゴールド,アプリ,88.1
47,22278,12,22381,118,93.3,4,ブロンズ,アプリ,127.4
59,22902,24,15031,12,99.2,8,ゴールド,アプリ,179.4
37,37091,46,2910,40,42.8,13,ブロンズ,アプリ,17.2
58,8120,9,24970,2,15.0,20,ブロンズ,アプリ,71.9
35,8859,35,29183,105,19.6,12,ブロンズ,Web,312.0
55,33867,38,24365,80,31.8,12,ゴールド,Web,443.4
37,31611,35,28321,94,50.9,26,ブロンズ,アプリ,458.6
23,37424,33,20507,57,12.2,29,ブロンズ,Web,173.1
59,46477,35,20235,47,30.2,23,シルバー,Web,268.3
42,7786,46,16915,110,30.8,26,ゴールド,アプリ,500.0
58,34461,20,24840,116,0.4,0,ブロンズ,Web,109.9
58,22185,2,14863,36,35.4,16,シルバー,Web,5.0
20,41977,44,13957,4,11.6,19,シルバー,Web,123.8
61,32190,26,3615,75,43.0,7,シルバー,Web,44.5
60,4709,42,12582,117,19.7,2,ブロンズ,店舗,102.8
63,20154,13,29338,24,82.2,16,ブロンズ,Web,96.7
36,21859,30,11397,82,8.1,26,ブロンズ,店舗,90.8
27,48611,32,6026,91,86.6,11,シルバー,アプリ,163.5
68,5209,36,8869,101,58.1,24,ブロンズ,アプリ,134.2
22,24379,19,12871,62,45.9,24,シルバー,Web,101.4
39,15846,22,20830,2,55.0,24,ブロンズ,複数,109.2
26,19003,1,5312,15,37.6,24,ブロンズ,店舗,29.6
50,26426,11,10014,75,12.8,17,シルバー,Web,43.4
32,43856,26,25241,91,76.6,13,ゴールド,Web,433.6
41,26551,48,7019,49,92.8,29,シルバー,アプリ,224.4
47,19900,19,12293,112,95.0,10,ブロンズ,複数,105.3
53,13380,19,5216,111,67.1,26,ブロンズ,アプリ,24.1
56,10707,12,23859,87,41.0,15,シルバー,アプリ,156.7
23,25379,3,22053,35,47.8,26,シルバー,Web,28.5
32,26068,18,13222,116,65.7,3,シルバー,アプリ,115.6
55,7906,49,20908,94,82.3,17,ブロンズ,Web,383.0
56,16895,5,25882,47,37.5,6,ゴールド,アプリ,97.7
69,20420,48,15603,24,91.7,10,ゴールド,Web,334.0
39,16212,24,29883,83,32.4,15,ブロンズ,Web,158.6
20,15323,14,15340,60,53.1,15,シルバー,アプリ,130.1
46,33934,38,12934,93,96.1,2,ブロンズ,アプリ,215.1
46,8348,3,20345,77,93.8,24,ブロンズ,アプリ,38.8
48,1575,6,24687,48,69.6,22,ブロンズ,店舗,41.7
62,40939,12,6625,23,32.5,23,シルバー,Web,5.0
19,16748,11,10292,12,21.9,8,ブロンズ,アプリ,5.0
52,4343,39,11505,113,8.0,7,ゴールド,店舗,197.8
62,43115,26,5448,112,70.9,6,ブロンズ,店舗,26.3
26,26391,1,21628,41,50.3,24,ブロンズ,店舗,5.0
39,23407,16,16678,29,57.2,26,ブロンズ,Web,69.8
36,43495,48,8047,70,47.2,16,シルバー,Web,147.0
67,44693,49,28477,51,48.3,10,ブロンズ,アプリ,407.1
54,41747,47,23058,23,57.1,3,ブロンズ,アプリ,219.5
27,10154,9,3214,31,91.4,3,ブロンズ,Web,15.9
63,22555,5,25990,109,2.9,4,ブロンズ,アプリ,45.9
38,27623,8,22010,21,80.2,7,ブロンズ,アプリ,48.5
34,39177,21,27365,24,39.1,9,ブロンズ,アプリ,121.6
20,38309,33,11558,72,74.5,16,ブロンズ,Web,138.8
24,21244,39,9875,108,94.9,5,シルバー,Web,219.1
58,28927,43,24652,9,30.6,8,ブロンズ,Web,113.3
54,2067,20,15919,22,9.0,9,シルバー,アプリ,57.5
53,18265,45,17225,4,23.2,7,ブロンズ,Web,91.7
20,7909,22,25196,77,22.2,14,ブロンズ,店舗,103.3
30,22416,13,13815,98,74.2,17,シルバー,Web,83.3
58,15236,39,7479,3,6.2,22,シルバー,店舗,51.2
47,32365,11,27078,101,5.1,4,プラチナ,アプリ,233.6
40,27125,18,2172,28,69.4,17,ブロンズ,Web,5.0
24,11929,30,19270,90,55.7,26,ゴールド,アプリ,500.0
47,42060,33,27993,114,41.8,0,シルバー,アプリ,458.7
46,32411,44,18044,117,57.5,1,ゴールド,アプリ,500.0
25,16319,3,8263,110,73.5,26,プラチナ,アプリ,50.8
27,36584,1,22752,98,10.3,9,ブロンズ,アプリ,5.4
50,7411,36,13621,15,55.3,5,ブロンズ,アプリ,97.3
37,32602,6,11601,8,82.4,26,シルバー,アプリ,26.7
46,49489,37,9056,48,36.2,27,ブロンズ,アプリ,123.1
46,8204,29,29499,99,76.3,23,ゴールド,Web,500.0
38,19899,11,23337,88,84.5,18,ブロンズ,店舗,87.4
18,25517,13,28486,116,82.1,20,ゴールド,店舗,272.8
68,35507,11,16245,52,65.0,10,ブロンズ,複数,73.9
51,5052,38,17678,55,71.7,17,ブロンズ,Web,167.4
61,39554,25,2260,37,78.8,27,プラチナ,店舗,57.9
49,13013,15,21736,4,73.4,15,ブロンズ,店舗,58.4
62,46364,13,3352,55,45.2,7,ブロンズ,アプリ,5.0
31,38488,42,7243,12,15.9,3,ブロンズ,アプリ,81.7
54,48213,33,11691,19,31.0,10,ゴールド,複数,189.3
52,37494,13,14565,79,20.7,9,シルバー,複数,71.0
41,1678,38,28716,57,36.1,15,ゴールド,アプリ,500.0
66,31352,24,21390,94,48.9,11,シルバー,アプリ,239.4
18,46797,20,19206,109,95.9,21,ブロンズ,店舗,117.5
63,10098,44,18915,37,95.9,2,ブロンズ,Web,199.4
23,9459,17,21204,76,77.0,10,ブロンズ,Web,81.4
66,39894,24,2166,83,98.0,23,シルバー,複数,59.2
21,28679,26,23310,98,99.8,15,シルバー,店舗,339.0
55,33666,40,14523,7,88.5,23,ブロンズ,複数,163.6
18,14227,32,19439,92,8.0,2,ブロンズ,アプリ,196.6
58,5906,29,3254,55,42.6,27,ブロンズ,アプリ,34.6
48,8898,14,6286,28,53.4,24,ブロンズ,複数,30.5
53,48207,37,10009,93,12.4,9,ブロンズ,アプリ,87.5
26,34884,22,6007,37,80.9,28,ブロンズ,店舗,16.1
58,7344,34,16992,84,14.9,20,ブロンズ,アプリ,148.0
62,42858,27,9758,61,38.3,15,ゴールド,Web,115.9
40,28366,28,11723,75,6.9,25,ブロンズ,Web,112.5
48,46980,22,16590,114,52.5,24,ゴールド,アプリ,329.9
46,47846,43,17638,114,59.7,6,ブロンズ,アプリ,264.6
66,11836,3,14234,39,73.5,14,シルバー,Web,5.0
38,18442,22,16011,106,33.9,14,ブロンズ,アプリ,103.1
20,41920,48,27548,23,59.1,9,シルバー,アプリ,465.3
43,42747,21,9889,52,73.4,2,ブロンズ,店舗,16.1
23,13686,16,14016,110,76.2,5,ブロンズ,Web,68.9
37,44604,9,17415,84,30.2,25,ゴールド,アプリ,112.4
64,11356,13,6744,84,6.8,17,シルバー,Web,52.7
63,42163,10,26681,11,3.8,21,ブロンズ,Web,26.1
30,28793,49,11796,66,76.8,27,ブロンズ,Web,195.9
58,3491,21,13965,13,38.5,4,ブロンズ,アプリ,29.4
40,22206,49,6287,77,13.4,15,シルバー,Web,100.6
32,14928,42,3002,41,18.4,12,シルバー,Web,18.1
63,40772,40,15589,49,76.6,2,ブロンズ,Web,130.7
48,12560,7,14922,15,59.9,29,ブロンズ,複数,66.5
21,8011,46,2084,56,50.1,14,ブロンズ,複数,29.4
28,23084,22,21379,54,62.3,22,ブロンズ,Web,160.3
19,45518,18,15015,31,13.7,26,シルバー,アプリ,122.4
33,29633,21,29863,61,31.9,19,シルバー,複数,338.4
68,5862,14,17373,58,37.4,26,シルバー,Web,123.2
48,39118,10,7156,87,31.4,29,ブロンズ,Web,29.1
65,13682,33,9194,60,86.4,5,ゴールド,Web,124.4
56,46303,9,7783,53,58.1,24,ブロンズ,複数,27.9
60,12703,18,7695,86,72.9,27,シルバー,店舗,77.2
61,43379,13,14357,118,23.7,29,ゴールド,Web,179.1
21,16096,17,18537,61,26.4,21,シルバー,Web,103.7
65,15106,23,11653,80,22.5,3,ブロンズ,複数,88.8
45,1355,25,29388,42,68.8,14,ブロンズ,アプリ,190.8
33,9432,16,24798,29,34.9,25,ゴールド,アプリ,247.3
56,16700,24,25068,84,40.5,17,ブロンズ,Web,202.9
42,26196,31,4019,92,70.9,8,シルバー,店舗,26.8
30,32650,11,27673,27,97.2,29,ブロンズ,Web,125.6
22,47618,23,18155,44,16.2,19,ブロンズ,店舗,102.3
47,18238,41,2570,93,6.3,3,ブロンズ,Web,47.5
18,45703,39,9922,5,19.5,15,ブロンズ,Web,89.4
22,28776,22,18200,52,73.5,17,ゴールド,アプリ,290.2
31,7704,33,26724,113,19.5,4,ゴールド,店舗,394.0
28,21008,41,13769,106,58.4,12,シルバー,アプリ,365.4
51,16379,42,8153,102,59.0,5,ブロンズ,Web,80.7
46,43020,48,21075,53,29.4,25,ブロンズ,アプリ,304.0
35,9573,18,26053,52,6.9,21,シルバー,アプリ,179.4
32,23415,14,12301,38,39.9,18,ブロンズ,店舗,41.6
63,23566,28,7507,44,18.7,11,シルバー,アプリ,54.3
42,2132,11,28494,53,18.4,14,ブロンズ,Web,43.1
47,49302,24,6869,115,52.3,29,シルバー,アプリ,108.8
62,44798,36,24233,2,67.3,8,ゴールド,アプリ,323.8
19,35847,19,17591,109,7.5,6,ブロンズ,複数,115.0
68,1944,13,24351,54,57.8,28,ゴールド,アプリ,220.0
57,6840,33,5655,84,24.6,13,シルバー,アプリ,63.2
44,40442,19,18347,107,67.3,18,シルバー,アプリ,243.9
66,44489,47,25055,111,81.0,19,ブロンズ,アプリ,500.0
32,46261,32,24053,77,80.7,15,ブロンズ,アプリ,290.0
49,45278,15,28288,90,37.0,22,ゴールド,アプリ,348.0
37,34602,11,4492,35,56.7,26,シルバー,店舗,17.6
31,21134,23,27920,46,79.4,23,シルバー,アプリ,357.0
44,5184,5,27682,72,6.1,21,シルバー,Web,68.6
20,28963,22,14304,92,60.6,3,ブロンズ,Web,83.5
66,8178,42,8512,105,83.7,11,プラチナ,アプリ,436.9
20,6168,18,17243,79,37.2,17,ブロンズ,Web,63.7
30,33654,7,10774,55,45.5,25,ゴールド,アプリ,74.7
42,5991,33,6350,114,69.9,7,ブロンズ,アプリ,95.4
